职能,公司名称,地址,薪资,发布日期
Python开发工程师,深圳市神州动力数码有限公司,深圳-南山区  |  2年经验  |  招2人,0.8-1.2万/月,03-09发布
Python软件工程师 02,深圳市乐思软件技术有限公司,深圳  |  1年经验  |  本科  |  招2人,0.9-1.1万/月,03-09发布
python爬虫工程师,深圳市聚能优电科技有限公司,深圳-南山区  |  2年经验  |  本科  |  招若干人,1-2万/月,03-09发布
python后端开发工程师,北京创新在线网络技术有限公司,深圳-福田区  |  2年经验  |  本科  |  招3人,0.9-1.8万/月,03-09发布
Python开发工程师,韩端科技（深圳）有限公司,深圳-龙岗区  |  1年经验  |  本科  |  招2人,1-1.5万/月,03-09发布
Python开发工程师,智臻寰宇高科技（深圳）有限公司,深圳-宝安区  |  1年经验  |  大专  |  招1人,6-8千/月,03-09发布
python,深圳兴融联科技股份有限公司,深圳-南山区  |  2年经验  |  本科  |  招5人,1-1.5万/月,03-09发布
Python工程师,深圳市易佰网络科技有限公司,深圳-龙岗区  |  2年经验  |  大专  |  招2人,1-1.5万/月,03-09发布
Python开发工程师,深圳市易博天下科技有限公司,深圳-南山区  |  2年经验  |  大专  |  招若干人,1.3-2.5万/月,03-09发布
python开发工程师,深圳市紫金支点技术股份有限公司,深圳-南山区  |  1年经验  |  本科  |  招1人,0.9-1.2万/月,03-09发布
Python爬虫工程师,深圳市捷晶能源科技有限公司,深圳  |  2年经验  |  大专  |  招1人,7-8.5千/月,03-09发布
Python开发工程师,首影科技（深圳）有限公司,深圳-福田区  |  2年经验  |  大专  |  招2人,0.8-1.6万/月,03-09发布
软件开发工程师（Python),德硕管理咨询（深圳）有限公司,深圳-福田区  |  2年经验  |  大专  |  招若干人,0.8-1.5万/月,03-09发布
Python开发工程师,深圳市科高新材料有限公司,深圳-南山区  |  2年经验  |  本科  |  招5人,1-2万/月,03-09发布
Python开发工程师,深圳市神机量化技术有限公司,深圳-福田区  |  2年经验  |  大专  |  招2人,1.5-3万/月,03-09发布
Python开发工程师,上海讯真信息科技有限公司,深圳-福田区  |  2年经验  |  大专  |  招1人,1.5-2万/月,03-09发布
python工程师,深圳市瓦力自动化有限公司,深圳-宝安区  |  2年经验  |  本科  |  招2人,1-1.5万/月,03-09发布
研发工程师（C++/Python）,南凌科技股份有限公司,深圳-南山区  |  2年经验  |  本科  |  招2人,1.5-2.5万/月,03-09发布
Python开发工程师,成都迈思信息技术有限公司,深圳  |  1年经验  |  本科  |  招若干人,1-1.5万/月,03-09发布
Python开发工程师,深圳市掌世界网络科技有限公司,深圳-罗湖区  |  2年经验  |  大专  |  招1人,1-1.5万/月,03-09发布
python开发工程师,百丽新零售,深圳-南山区  |  2年经验  |  本科  |  招1人,1.2-1.8万/月,03-09发布
python后端开发/双休/大平台/技术大牛,深圳十方融海科技有限公司,深圳-南山区  |  1年经验  |  本科  |  招4人,1-1.8万/月,03-09发布
Python开发工程师,云智汇（深圳）高新科技服务有限公司,深圳-龙岗区  |  2年经验  |  本科  |  招1人,0.9-1.1万/月,03-09发布
Python开发工程师,四川准达信息技术股份有限公司,深圳-南山区  |  2年经验  |  本科  |  招45人,0.9-1万/月,03-09发布
Python开发工程师,深圳市鼎驰科技发展有限公司,深圳-福田区  |  2年经验  |  本科  |  招2人,0.9-1.2万/月,03-09发布
初级Python开发工程师,埃克斯工业（广东）有限公司,深圳-南山区  |  1年经验  |  本科  |  招2人,0.8-1.5万/月,03-09发布
Python开发工程师,深圳市道合顺电子科技有限公司,深圳-福田区  |  2年经验  |  本科  |  招1人,1.5-3万/月,03-09发布
Python开发工程师,深圳市广联智通科技有限公司,深圳  |  2年经验  |  本科  |  招1人,1-1.5万/月,03-09发布
python工程师,深圳市猎芯科技有限公司,深圳-龙岗区  |  1年经验  |  大专  |  招1人,1-2万/月,03-09发布
Python爬虫工程师,深圳市远古科技有限公司,深圳-龙岗区  |  2年经验  |  大专  |  招1人,1-2万/月,03-09发布
Python数据开发,南京争锋信息科技有限公司,深圳-福田区  |  1年经验  |  大专  |  招若干人,1-2万/月,03-09发布
Python开发工程师,深圳市博悦科创科技有限公司,深圳-福田区  |  2年经验  |  本科  |  招2人,1.1-1.6万/月,03-09发布
Python工程师,深圳市维度数据科技股份有限公司,深圳-罗湖区  |  2年经验  |  本科  |  招1人,0.8-1.5万/月,03-09发布
python QT程序开发工程师,深圳市泰达机器人有限公司,深圳-南山区  |  1年经验  |  本科  |  招1人,0.8-1.2万/月,03-09发布
Python开发工程师,深圳市微特精密科技股份有限公司,深圳-宝安区  |  1年经验  |  大专  |  招2人,1-2万/月,03-09发布
Python高级开发工程师,深圳湛正实业有限公司,深圳-罗湖区  |  2年经验  |  招5人,1-1.5万/月,03-09发布
Python开发工程师/前端/爬虫,深圳市群智欣信息科技有限公司,深圳-南山区  |  1年经验  |  大专  |  招3人,4.5-6千/月,03-09发布
软件开发工程师(Python后端),深圳君同云科技有限公司,深圳-南山区  |  1年经验  |  本科  |  招2人,0.6-1.5万/月,03-09发布
Python开发工程师,深圳华会科技有限公司,深圳-龙华区  |  2年经验  |  本科  |  招2人,0.8-1.5万/月,03-09发布
Python高级开发工程师,深圳市汇泉教育科技有限责任公司,深圳-南山区  |  2年经验  |  本科  |  招5人,0.8-1.2万/月,03-09发布
Python后端开发工程师,牛剑教育科技（深圳）有限公司,深圳-福田区  |  1年经验  |  本科  |  招1人,1.2-2万/月,03-08发布
PYTHON（自测方向）,上海子蓝信息科技有限公司,深圳-南山区  |  1年经验  |  本科  |  招3人,1-1.5万/月,03-08发布
python开发工程师,深圳市丽海弘金科技有限公司,深圳-南山区  |  2年经验  |  本科  |  招2人,1.2-2万/月,03-08发布
Python开发工程师,上海金盏企业管理有限公司深圳分公司,深圳-南山区  |  1年经验  |  本科  |  招5人,1-1.5万/月,03-08发布
Python开发工程师（RPA方向）,百思特管理咨询有限公司,深圳-南山区  |  1年经验  |  本科  |  招10人,0.7-2万/月,03-08发布
Python开发工程师,优车库网络科技发展（深圳）有限公司,深圳-福田区  |  2年经验  |  本科  |  招若干人,0.8-1.5万/月,03-08发布
Python初级开发工程师,深圳市易达恒通供应链管理有限公司,深圳-福田区  |  2年经验  |  大专  |  招1人,6-8千/月,03-08发布
Python后台开发工程师,深圳萨摩耶数字科技有限公司,深圳-南山区  |  2年经验  |  本科  |  招1人,1-1.5万/月,03-08发布
Python后台开发工程师,深圳市智影医疗科技有限公司,深圳  |  1年经验  |  本科  |  招1人,0.8-1.5万/月,03-08发布
软件开发工程师(Python/QT),深圳市信润富联数字科技有限公司,深圳-南山区  |  2年经验  |  本科  |  招若干人,1.2-2.3万/月,03-08发布
Python 爬虫开发工程师,深圳市迈维智视科技有限公司,深圳  |  2年经验  |  本科  |  招1人,1.2-2万/月,03-08发布
软件开发工程师Python（深圳）,杭州宏杉科技股份有限公司,深圳-南山区  |  2年经验  |  本科  |  招若干人,1.2-2万/月,03-08发布
python/PHP开发工程师,深圳瑞德林生物技术有限公司,深圳-南山区  |  1年经验  |  本科  |  招1人,0.8-1.8万/月,03-07发布
Python开发工程师,深圳市三一九科技有限公司,深圳-龙华区  |  1年经验  |  大专  |  招若干人,0.8-1.5万/月,03-06发布
python爬虫工程师（双休+奖金）,辰星网络科技,深圳  |  1年经验  |  大专  |  招6人,4-8千/月,03-06发布
Python开发工程师,达观数据,深圳  |  1年经验  |  本科  |  招若干人,1.2-2.4万/月,03-06发布
Python开发工程师,上海佳锐信息科技股份有限公司,深圳-南山区  |  2年经验  |  本科  |  招1人,1-1.5万/月,03-05发布
中级Python开发工程师,深圳市海云天科技股份有限公司,深圳-南山区  |  2年经验  |  本科  |  招若干人,1-1.5万/月,03-05发布
Python工程师,深圳市柠檬树科技有限公司,深圳-龙岗区  |  2年经验  |  大专  |  招1人,1.2-1.5万/月,03-05发布
Python开发工程师,深圳兆日科技股份有限公司,深圳-福田区  |  2年经验  |  本科  |  招1人,1.1-2万/月,03-04发布
Python数据工程师,深圳虾皮信息科技有限公司,深圳-南山区  |  2年经验  |  本科  |  招1人,0.9-1.8万/月,03-04发布
Python 爬虫工程师,21世纪报系,异地招聘  |  2年经验  |  本科  |  招1人,1-2万/月,03-04发布
Python开发工程师,深圳小火花软件科技有限公司,深圳-福田区  |  2年经验  |  本科  |  招若干人,0.7-1.4万/月,03-04发布
软件工程师(Python),深圳微品致远信息科技有限公司,深圳-南山区  |  2年经验  |  本科  |  招若干人,1.5-2.5万/月,03-03发布
Python开发工程师,智高点知识产权集团有限公司,深圳-南山区  |  1年经验  |  本科  |  招1人,0.8-1万/月,03-02发布
python爬虫,深圳市百能信息技术有限公司,深圳-福田区  |  2年经验  |  大专  |  招1人,1.5-2万/月,03-02发布
Python后端工程师,深圳鼎然信息科技有限公司,深圳-福田区  |  1年经验  |  本科  |  招1人,1-2万/月,03-02发布
高级Python工程师,深圳市赛纳电子科技有限公司,深圳-龙华区  |  2年经验  |  本科  |  招2人,1-1.8万/月,03-01发布
Python开发工程师,深圳小安时代互联网金融服务有限公司,深圳-南山区  |  2年经验  |  本科  |  招1人,1.2-1.8万/月,03-01发布
Python 数据开发工程师,Amber AI Limited,深圳-南山区  |  1年经验  |  本科  |  招1人,1-1.5万/月,02-27发布
python工程师 8-12K,深圳市前海润杨金融服务有限公司,深圳-南山区  |  1年经验  |  本科  |  招1人,0.8-1.2万/月,02-25发布
Python开发工程师,深圳市恒程科技创新服务有限公司,深圳-南山区  |  2年经验  |  大专  |  招1人,0.8-1.2万/月,02-23发布
Java/Python 开发工程师,深圳市华仁智赢科技有限公司,深圳-宝安区  |  2年经验  |  大专  |  招1人,1-2万/月,02-23发布
python中高级工程师,深圳市华威斯科技有限公司,深圳-福田区  |  2年经验  |  大专  |  招2人,1-2万/月,02-23发布
Python中级开发工程师,广东钳钳科技有限公司,异地招聘  |  2年经验  |  大专  |  招2人,1-1.5万/月,02-23发布
Python开发工程师,业成光电（深圳）有限公司,深圳  |  1年经验  |  本科  |  招1人,4-8千/月,02-22发布
Python开发工程师,天津易商数科科技股份有限公司,深圳-福田区  |  2年经验  |  本科  |  招2人,1-1.5万/月,02-22发布
python 数据库后端工程师,东莞先知大数据有限公司,异地招聘  |  2年经验  |  本科  |  招2人,0.8-1.5万/月,02-22发布
Python开发工程师,深圳市杉岩数据技术有限公司,深圳  |  1年经验  |  本科  |  招若干人,1.2-1.8万/月,02-18发布
Python/go软件开发,上海兆殷特科技有限公司,深圳  |  1年经验  |  本科  |  招2人,1.5-3万/月,02-18发布
Java/python爬虫工程师,深圳中电国际信息科技有限公司,异地招聘  |  2年经验  |  大专  |  招2人,1-1.5万/月,02-08发布
Python开发工程师,深圳市中润统计咨询有限公司,深圳-宝安区  |  2年经验  |  本科  |  招1人,0.7-1.5万/月,02-05发布
Python开发工程师,深圳市安之天信息技术有限公司,深圳-宝安区  |  2年经验  |  本科  |  招若干人,1-1.8万/月,02-03发布
Python开发工程师,广州嘉为科技有限公司,深圳-福田区  |  2年经验  |  本科  |  招1人,1.2-1.8万/月,01-13发布
高级磁记录研发工程师,西部数据,深圳-南山区  |  1年经验  |  硕士  |  招1人,1.5-2万/月,03-09发布
php工程师,深圳市云盾信息安全开发有限公司,深圳-龙华区  |  1年经验  |  大专  |  招1人,0.6-1.5万/月,03-09发布
嵌入式工程师（机器人方向）,中国科学院深圳先进技术研究院,深圳-南山区  |  1年经验  |  硕士  |  招3人,1-1.5万/月,03-09发布
PHP开发工程师,深圳市天视通电子科技有限公司,深圳-南山区  |  1年经验  |  本科  |  招2人,0.6-1.2万/月,03-09发布
网络、硬件、后端、Linux、FPGA、区块链研发工程师,深圳市云鼎天科技有限公司,深圳-南山区  |  2年经验  |  本科  |  招6人,1.5-3万/月,03-09发布
大数据开发工程师,西安立人行档案文件管理咨询有限公司,深圳-福田区  |  2年经验  |  本科  |  招3人,1-2万/月,03-09发布
后端开发工程师(J16666),深圳华大生命科学研究院,深圳-大鹏新区  |  2年经验  |  本科  |  招1人,1.3-2万/月,03-09发布
C++/C#/JavaScript 软件开发工程师,深圳市宏图空间科技有限公司,深圳-福田区  |  2年经验  |  大专  |  招2人,0.8-1万/月,03-09发布
Linux软件工程师,深圳市驰晶科技有限公司,深圳  |  1年经验  |  本科  |  招2人,1-1.5万/月,03-09发布
电子工程师,深圳市科易互动机器人有限公司,深圳-龙华区  |  1年经验  |  大专  |  招1人,6-8千/月,03-09发布
软件测试开发工程师,成都巴迪巴迪网络科技有限公司,深圳-南山区  |  1年经验  |  大专  |  招若干人,7-9千/月,03-09发布
软件工程师,深圳了然视觉科技有限公司,深圳-南山区  |  1年经验  |  本科  |  招3人,1-2万/月,03-09发布
100强通讯公司#大数据工程师#,万宝盛华企业管理咨询（上海）有限公司,深圳-南山区  |  2年经验  |  本科  |  招2人,1.2-2万/月,03-09发布
后台开发工程师-搜索方向,字节跳动,深圳  |  2年经验  |  本科  |  招3人,2-4万/月,03-09发布
Java开发工程师,联想中国PC及服务器工厂,深圳-福田区  |  1年经验  |  本科  |  招1人,6-9千/月,03-08发布
微信支付资金业务后台开发工程师,深圳市腾讯计算机系统有限公司,深圳  |  2年经验  |  本科  |  招1人,2-2.5万/月,03-08发布
RPA Engineer,毕马威中国 KPMG China,异地招聘  |  2年经验  |  本科  |  招若干人,0.8-2万/月,02-05发布
C++软件工程师,中联重科股份有限公司,异地招聘  |  1年经验  |  本科  |  招2人,0.9-1.3万/月,03-09发布
122646高级嵌入式工程师-高性能计算（编译器）,深圳市大疆创新科技有限公司,深圳-南山区  |  2年经验  |  本科  |  招若干人,3-5万/月,03-06发布
Java开发工程师,TCL集团工业研究院,深圳  |  1年经验  |  本科  |  招1人,2-2.5万/月,03-05发布
大数据开发（五险一金+大平台）,中软国际科技服务有限公司,深圳-福田区  |  2年经验  |  本科  |  招2人,1.5-2万/月,03-03发布
C++开发工程师,谷游科技（深圳）有限公司,深圳-南山区  |  2年经验  |  本科  |  招2人,1.8-2.8万/月,02-20发布
C++开发工程师(J14343),深圳华大基因科技有限公司,深圳-盐田区  |  1年经验  |  本科  |  招1人,1-1.5万/月,02-08发布
软件工程师（大数据）,南方电网深圳数字电网研究院有限公司,异地招聘  |  2年经验  |  本科  |  招4人,1.5-2.5万/月,01-18发布
配置管理工程师,武汉佰钧成技术有限责任公司,深圳-南山区  |  1年经验  |  大专  |  招5人,1-1.8万/月,03-05发布
C++开发工程师,深圳市今古科技有限公司,深圳-南山区  |  2年经验  |  本科  |  招2人,1.2-2万/月,03-09发布
SLAM算法工程师,深圳科卫机器人科技有限公司,深圳-光明新区  |  2年经验  |  本科  |  招2人,2-3.5万/月,03-09发布
Golang开发(驻腾讯）,深圳市智慧盾科技有限公司,深圳-南山区  |  2年经验  |  招3人,1-1.5万/月,03-09发布
软件开发工程师（长期日本出差）,赛伯尔（大连）信息技术咨询有限公司,异地招聘  |  2年经验  |  大专  |  招3人,1.5-4万/月,03-09发布
软件开发工程师,深圳市喜宏欣科技有限公司,深圳-龙岗区  |  2年经验  |  大专  |  招2人,5-9千/月,03-09发布
脚本开发工程师（深圳-南山区）,杭州友声科技股份有限公司,深圳-南山区  |  2年经验  |  大专  |  招1人,0.8-1.2万/月,03-09发布
系统工程师（业务运营方向,深圳市远邦进出口有限公司,深圳-福田区  |  1年经验  |  本科  |  招2人,0.8-1.2万/月,03-09发布
软件工程师,中科创达软件股份有限公司,深圳-南山区  |  1年经验  |  本科  |  招1人,1.2-2万/月,03-09发布
软件开发工程师,深圳市瀚翔生物医疗电子股份有限公司,深圳-南山区  |  1年经验  |  本科  |  招1人,0.8-1.3万/月,03-09发布
SLAM算法工程师,深圳玩智商科技有限公司,深圳-龙岗区  |  1年经验  |  硕士  |  招2人,0.8-1.5万/月,03-09发布
软件工程师（固件工程师）,深圳市橙视科技发展有限公司,深圳-宝安区  |  1年经验  |  大专  |  招2人,0.6-1.3万/月,03-09发布
Go研发工程师,小雨伞保险经纪有限公司,深圳-南山区  |  1年经验  |  本科  |  招1人,1-2万/月,03-09发布
Golang开发工程师,深圳市优诚信息技术有限公司,深圳-龙岗区  |  2年经验  |  大专  |  招若干人,1.5-4万/月,03-09发布
全栈工程师,伯恩光学（惠州）有限公司,异地招聘  |  2年经验  |  本科  |  招2人,2-3.5万/月,03-09发布
机器人软件工程师,深圳市大族机器人有限公司,深圳-南山区  |  1年经验  |  本科  |  招5人,1.5-2万/月,03-09发布
嵌入式linux软件工程师,深圳市微智体技术有限公司,深圳-龙华区  |  2年经验  |  本科  |  招1人,1-1.5万/月,03-09发布
云服务软件工程师,东莞市三基音响科技有限公司,深圳-南山区  |  1年经验  |  本科  |  招若干人,1-1.8万/月,03-09发布
软件工程师（c++）,深圳市普渡科技有限公司,深圳-南山区  |  2年经验  |  本科  |  招若干人,1.5-3万/月,03-09发布
Java开发工程师,森科云创科技（深圳）有限公司,深圳-福田区  |  2年经验  |  本科  |  招2人,1-2万/月,03-09发布
软件工程师,佛山博文机器人自动化科技有限公司,异地招聘  |  2年经验  |  本科  |  招若干人,1.5-2.5万/月,03-09发布
嵌入式软件工程师,深圳素士科技股份有限公司,深圳-南山区  |  1年经验  |  本科  |  招1人,0.8-1.6万/月,03-09发布
嵌入式软件工程师,深圳市蓝德欧机电有限公司,深圳-龙华区  |  1年经验  |  大专  |  招1人,0.6-1万/月,03-09发布
软件工程师,深圳赛动生物自动化有限公司,深圳-南山区  |  2年经验  |  硕士  |  招若干人,25-35万/年,03-09发布
软件工程师,河北苏格医疗科技有限公司,异地招聘  |  2年经验  |  大专  |  招1人,0.6-1.5万/月,03-09发布
云安全后台开发工程师（WAF）,优刻得科技股份有限公司,深圳  |  2年经验  |  本科  |  招若干人,1-4万/月,03-09发布
C/C++软件开发工程师,深圳市泰沃德技术有限公司,深圳-宝安区  |  1年经验  |  本科  |  招1人,1-2万/月,03-09发布
软件工程师,桂林市思奇通信设备有限公司,异地招聘  |  1年经验  |  中专  |  招2人,1-1.5万/月,03-09发布
嵌入式软件开发工程师,深圳市中芯同创科技有限公司,深圳-宝安区  |  1年经验  |  本科  |  招1人,0.8-1.8万/月,03-09发布
后端开发工程师,深圳市摩尔环宇通信技术有限公司,深圳-宝安区  |  2年经验  |  本科  |  招1人,0.8-1.5万/月,03-09发布
大数据开发工程师,深圳市达博威科技有限公司,深圳-福田区  |  2年经验  |  本科  |  招5人,1.2-2万/月,03-09发布
Java后端开发工程师,深圳东金首创投资管理有限公司,深圳-宝安区  |  1年经验  |  本科  |  招2人,0.7-1.2万/月,03-09发布
RPA工程师,深圳盛金源科技股份有限公司,深圳-南山区  |  1年经验  |  大专  |  招3人,0.6-1万/月,03-09发布
嵌入式软件工程师,深圳市明栈信息科技有限公司,深圳-南山区  |  2年经验  |  大专  |  招1人,1-1.5万/月,03-09发布
大数据开发工程师（深圳）,海南中智信信息技术有限公司,深圳-罗湖区  |  2年经验  |  本科  |  招3人,12-19万/年,03-09发布
Magento工程师,雅耶国际贸易（上海）有限公司,深圳-龙岗区  |  2年经验  |  大专  |  招若干人,1-2.5万/月,03-09发布
嵌入式开发工程师,深圳松诺技术有限公司,深圳-南山区  |  1年经验  |  大专  |  招1人,0.7-1万/月,03-09发布
大数据工程师,深圳市永联科技股份有限公司,深圳-南山区  |  2年经验  |  本科  |  招1人,1-1.5万/月,03-09发布
自动驾驶/C++车辆控制工程师,深圳一清创新科技有限公司,深圳-南山区  |  1年经验  |  本科  |  招若干人,0.8-1.5万/月,03-09发布
大数据技术开发工程师,"香港时代国际控股集团有限公司 TIMES INTERNATIONAL GROUP （HK） CO., LIMITED",异地招聘  |  2年经验  |  本科  |  招若干人,0.8-1万/月,03-09发布
web全栈开发工程师,深圳市乐易网络股份有限公司,深圳-南山区  |  2年经验  |  本科  |  招1人,1-2万/月,03-09发布
软件助理工程师,奥蒂玛光学科技（深圳）有限公司,深圳-龙岗区  |  1年经验  |  本科  |  招1人,0.6-1.5万/月,03-09发布
爬虫开发工程师,深圳市财盈通科技有限公司,深圳-龙岗区  |  2年经验  |  本科  |  招6人,1-1.5万/月,03-09发布
平台软件工程师,深圳市奥肯特科技有限公司,深圳-南山区  |  2年经验  |  本科  |  招2人,1.8-2.8万/月,03-09发布
配置管理工程师,深圳瑞为智能科技有限公司,深圳-南山区  |  2年经验  |  本科  |  招1人,0.7-1.2万/月,03-09发布
地理信息工程师,北京腾信软创科技股份有限公司,异地招聘  |  2年经验  |  本科  |  招4人,1.2-1.7万/月,03-09发布
QT软件工程师,深圳市必趣科技有限公司,深圳-龙岗区  |  1年经验  |  本科  |  招若干人,0.8-2万/月,03-09发布
软件工程师,深圳市正源分子生物科技有限公司,异地招聘  |  1年经验  |  大专  |  招2人,4-8千/月,03-09发布
ERP软件开发工程师,环迅通科技（北京）有限公司,深圳-福田区  |  2年经验  |  大专  |  招2人,1-2万/月,03-09发布
C++开发工程师,深圳市沃信科技有限公司,深圳-南山区  |  2年经验  |  本科  |  招2人,1-1.5万/月,03-09发布
C++开发工程师,深圳市网安计算机安全检测技术有限公司,深圳  |  1年经验  |  本科  |  招1人,1-1.5万/月,03-09发布
.NET开发工程师,美国K2软件（中国）,深圳-福田区  |  2年经验  |  大专  |  招1人,1-1.6万/月,03-09发布
爬虫开发工程师,换换集团,深圳-南山区  |  2年经验  |  大专  |  招1人,0.8-1.3万/月,03-09发布
嵌入式软件工程师,深圳市天安至远传感科技有限公司,深圳-福田区  |  1年经验  |  本科  |  招1人,1-1.5万/月,03-09发布
区块链工程师/股票期权,锦城资本管理（深圳）有限公司,深圳-福田区  |  2年经验  |  本科  |  招1人,2.5-3.5万/月,03-09发布
软件开发工程师,慧灵科技（深圳）有限公司,深圳-宝安区  |  1年经验  |  大专  |  招若干人,1.5-3万/月,03-09发布
后台开发工程师,深圳市航通智能技术有限公司,深圳-南山区  |  2年经验  |  本科  |  招1人,1-1.5万/月,03-09发布
嵌入式软件工程师,深圳艾德普特科技有限公司,深圳-龙岗区  |  1年经验  |  本科  |  招2人,0.6-1万/月,03-09发布
Visual slam算法工程师,爱乐福（深圳）科技有限公司,深圳-龙岗区  |  2年经验  |  硕士  |  招3人,1.5-3万/月,03-09发布
视觉SLAM算法工程师,深圳博鹏智能科技有限公司,深圳-龙华区  |  2年经验  |  本科  |  招3人,1.5-3万/月,03-09发布
视频识别算法岗8k起包住,深圳抖屏科技有限公司,深圳-宝安区  |  1年经验  |  大专  |  招2人,0.8-1万/月,03-09发布
高级软件工程师,深圳千通科技有限公司,深圳-南山区  |  2年经验  |  本科  |  招若干人,1.5-2万/月,03-09发布
软件工程师,深圳蓝斯尔贸易有限公司,深圳-龙华区  |  1年经验  |  本科  |  招1人,1-3万/月,03-09发布
图形开发工程师,深圳市捷泰技术有限公司,深圳-南山区  |  2年经验  |  本科  |  招1人,1-1.5万/月,03-09发布
软件工程师,深圳旺凌科技有限公司,深圳-南山区  |  2年经验  |  本科  |  招若干人,1.2-2.5万/月,03-09发布
软件开发工程师（PMLS）,深圳迈瑞动物医疗科技有限公司,深圳-南山区  |  2年经验  |  本科  |  招2人,1-2万/月,03-09发布
(急聘)数据开发工程师-深圳,中信网络科技股份有限公司,深圳  |  2年经验  |  本科  |  招5人,1-1.6万/月,03-09发布
C++开发工程师,深圳市祺丰智能机器人科技有限公司,深圳-福田区  |  2年经验  |  本科  |  招2人,1-1.5万/月,03-09发布
Golang 开发工程师,深圳市龙域通信科技有限公司,深圳-宝安区  |  2年经验  |  本科  |  招1人,1.5-2万/月,03-09发布
SLAM算法工程师,深圳市异方科技有限公司,异地招聘  |  1年经验  |  本科  |  招2人,1.5-2万/月,03-09发布
C++,深圳市纵横通信息技术有限公司,深圳  |  1年经验  |  本科  |  招2人,0.8-1.2万/月,03-09发布
软件工程师（控制系统）,深圳万讯自控股份有限公司,深圳-南山区  |  2年经验  |  本科  |  招2人,1.2-2万/月,03-09发布
软件开发工程师,深圳市华净科技有限公司,深圳-宝安区  |  2年经验  |  本科  |  招1人,0.7-1万/月,03-09发布
ERP工程师,深圳半岛医疗有限公司,深圳-宝安区  |  1年经验  |  大专  |  招1人,0.8-1.3万/月,03-09发布
业务问题处理岗/Linux系统工程师,深圳市联畅信息技术有限公司,深圳-福田区  |  2年经验  |  本科  |  招1人,1-1.5万/月,03-09发布
自动化软件工程师,深圳科瑞技术股份有限公司,深圳-宝安区  |  2年经验  |  本科  |  招1人,1-1.5万/月,03-09发布
嵌入式软件工程师,深圳市佳贤通信设备有限公司,深圳-宝安区  |  2年经验  |  本科  |  招2人,0.8-3万/月,03-09发布
多媒体开发工程师,深圳市华讯方舟光电技术有限公司,异地招聘  |  2年经验  |  本科  |  招若干人,0.5-1.2万/月,03-09发布
软件工程师（工程部）,深圳市杰科电子有限公司,深圳-龙岗区  |  1年经验  |  本科  |  招2人,7-9千/月,03-09发布
PHP软件工程师、PHP程序员、php开发、php开发工程师,深圳市源恒泰科技有限公司,深圳-龙岗区  |  1年经验  |  大专  |  招5人,0.6-1.5万/月,03-09发布
配置管理工程师,深圳市朗仁科技有限公司,深圳-福田区  |  2年经验  |  本科  |  招1人,1-1.5万/月,03-09发布
研发助理工程师,钜亿科技（深圳）有限公司,深圳-龙华区  |  1年经验  |  本科  |  招2人,0.8-1万/月,03-09发布
深圳日语软件工程师,欧浮瑞（武汉）人力资源有限公司,深圳  |  2年经验  |  本科  |  招2人,1.5-2万/月,03-09发布
大数据开发工程师,深圳市爱智慧科技有限公司,深圳-龙岗区  |  1年经验  |  本科  |  招若干人,1-1.5万/月,03-09发布
113127-大数据开发岗,平安科技（深圳）有限公司,深圳-南山区  |  1年经验  |  本科  |  招5人,40-50万/年,03-09发布
Application Engineer,索尼半导体科技（上海）有限公司,深圳-福田区  |  2年经验  |  本科  |  招1人,,03-09发布
C++游戏服务器开发,深圳市三格软件科技有限公司,深圳-南山区  |  1年经验  |  大专  |  招1人,1-1.5万/月,03-09发布
PHP开发工程师,深圳市亚势力广告有限公司,深圳-福田区  |  1年经验  |  本科  |  招1人,1-1.5万/月,03-09发布
通用软件开发工程师,合肥正佳智能科技有限公司,深圳-龙岗区  |  1年经验  |  本科  |  招若干人,2-2.5万/月,03-09发布
大数据开发工程师,深圳乐视互动网络科技有限公司,深圳-南山区  |  2年经验  |  大专  |  招3人,0.8-2.2万/月,03-08发布
芯片加工MES系统软件开发工程师,深圳安博电子有限公司,深圳-龙岗区  |  2年经验  |  本科  |  招1人,1.2-1.5万/月,03-08发布
PHP开发工程师,深圳数马电子技术有限公司,深圳-南山区  |  1年经验  |  本科  |  招若干人,1.3-2.5万/月,03-08发布
JAVA开发工程师,上海易宝软件有限公司深圳分公司,深圳-龙岗区  |  2年经验  |  本科  |  招15人,1.5-2万/月,03-08发布
PHP开发工程师,私募排排网,深圳  |  1年经验  |  本科  |  招若干人,1.2-2万/月,03-08发布
自动化软件开发工程师,深圳市丰禾原电子科技有限公司,深圳-龙华区  |  2年经验  |  大专  |  招2人,1.5-2万/月,03-08发布
ATE软件工程师,深圳市凯迪仕智能科技有限公司,深圳-南山区  |  1年经验  |  大专  |  招1人,0.6-1.2万/月,03-08发布
生信软件研发工程师,深圳市海普洛斯生物科技有限公司,深圳-南山区  |  2年经验  |  本科  |  招6人,1-1.5万/月,03-08发布
嵌入式软件工程师,深圳高通半导体有限公司,深圳-福田区  |  2年经验  |  本科  |  招1人,1-1.5万/月,03-08发布
机器人软件开发工程师（C++方向）,盈合（深圳）机器人与自动化科技有限公司,深圳-南山区  |  2年经验  |  本科  |  招3人,1.3-2.5万/月,03-08发布
PHP开发工程师,深圳市卓易梓网络科技有限公司,深圳-龙岗区  |  2年经验  |  大专  |  招2人,1.5-2万/月,03-08发布
商显软件工程师,深圳市鼎科实业有限公司,深圳  |  1年经验  |  大专  |  招2人,0.8-1.5万/月,03-08发布
计算机程序员,深圳市禾久木科技有限公司,异地招聘  |  1年经验  |  本科  |  招20人,500元/天,03-08发布
C++软件工程师,深圳市重投华讯太赫兹科技有限公司,深圳-南山区  |  1年经验  |  本科  |  招2人,0.8-1.5万/月,03-08发布
SLAM算法工程师,深圳市哈博森科技有限公司,深圳-龙岗区  |  1年经验  |  硕士  |  招2人,2-4万/月,03-08发布
嵌入式软件工程师,北京佰才邦技术股份有限公司,深圳-南山区  |  2年经验  |  本科  |  招若干人,1.5-2.5万/月,03-08发布
软件开发工程师（急）,深圳教体医数据科技有限公司,深圳-宝安区  |  2年经验  |  大专  |  招1人,1.5-2万/月,03-08发布
软件工程师,深圳市华威仕电子科技有限公司,深圳-龙岗区  |  1年经验  |  本科  |  招2人,1-1.5万/月,03-08发布
高级嵌入式开发工程师,深圳市微网力合信息技术有限公司,深圳-南山区  |  2年经验  |  本科  |  招若干人,1.2-2.5万/月,03-08发布
Linux工程师,合肥市卓怡恒通信息安全有限公司,深圳-南山区  |  2年经验  |  本科  |  招1人,1-1.5万/月,03-08发布
C++开发工程师,深圳市金翰信息科技有限公司,深圳  |  2年经验  |  本科  |  招2人,2.5-4万/月,03-08发布
软件工程师,深圳市智子量化科技有限公司,深圳-龙华区  |  2年经验  |  本科  |  招1人,0.7-1.2万/月,03-08发布
开发工程师--php,深圳市蛋壳创意科技有限公司,深圳-龙岗区  |  2年经验  |  大专  |  招若干人,0.8-1.5万/月,03-08发布
软件开发工程师（VBA）,富璟科技（深圳）有限公司,深圳-南山区  |  2年经验  |  本科  |  招2人,0.6-1.2万/月,03-08发布
JAVA开发工程师,深圳市巨联高科技有限公司,深圳-龙岗区  |  1年经验  |  大专  |  招2人,0.8-2万/月,03-08发布
上位机软件工程师,深圳市众创三维科技有限公司,深圳-龙华区  |  2年经验  |  大专  |  招1人,0.8-1.5万/月,03-08发布
PHP开发工程师,深圳市卓越迈创企业形象设计有限公司,深圳-宝安区  |  2年经验  |  大专  |  招2人,0.7-1万/月,03-08发布
全栈工程师,深圳未知君生物科技有限公司,深圳-南山区  |  1年经验  |  本科  |  招1人,1.5-3万/月,03-08发布
大数据平台开发工程师,西人马（深圳）科技有限公司,深圳-南山区  |  1年经验  |  本科  |  招若干人,1-3万/月,03-08发布
软件工程师AI010204,鹏城实验室,深圳-南山区  |  1年经验  |  硕士  |  招1人,,03-08发布
自动化应用软件工程师,高怡达科技（深圳）有限公司,深圳  |  1年经验  |  本科  |  招5人,4.5-6千/月,03-08发布
计算机介入与人机交互开发工程师（职位代码ZSJ006）,深圳高性能医疗器械国家研究院有限公司,深圳-龙华区  |  2年经验  |  硕士  |  招若干人,0.9-2.5万/月,03-08发布
嵌入式软件工程师,深圳市荣森盈科技有限公司,深圳-宝安区  |  2年经验  |  本科  |  招3人,1.2-2.5万/月,03-08发布
软件工程师,深圳京航科技有限公司,深圳-龙华区  |  1年经验  |  本科  |  招3人,0.8-1.5万/月,03-08发布
ERP开发工程师,深圳市景阳科技股份有限公司,深圳-南山区  |  2年经验  |  大专  |  招1人,1-1.5万/月,03-08发布
ROS导航工程师,深圳市功夫机器人有限公司,深圳-龙华区  |  1年经验  |  本科  |  招若干人,1-3万/月,03-08发布
Java开发工程师,深圳市聚蜂智能科技有限公司,深圳-南山区  |  1年经验  |  本科  |  招若干人,1.5-3万/月,03-08发布
对日软件工程师2021年招聘,南京机蜂信息科技有限公司,异地招聘  |  2年经验  |  大专  |  招15人,2-5万/月,03-08发布
软件工程师,珠海奇禄文化传媒有限公司,异地招聘  |  2年经验  |  大专  |  招若干人,1-3.5万/月,03-07发布
后端开发工程师,深圳爱米基因科技有限责任公司,深圳-宝安区  |  2年经验  |  本科  |  招1人,1.5-2万/月,03-07发布
应用软件工程师,深圳信恳智能电子有限公司,深圳  |  2年经验  |  大专  |  招若干人,1-3万/月,03-07发布
golang后台开发工程师 (MJ002052),深信服科技股份有限公司,深圳-南山区  |  1年经验  |  本科  |  招3人,2-3.5万/月,03-07发布
.NET开发工程师,深圳西文科技发展有限公司,深圳-南山区  |  2年经验  |  本科  |  招1人,0.9-1.5万/月,03-07发布
Java开发工程师,莘菁英（深圳）教育科技集团有限公司,深圳-罗湖区  |  2年经验  |  大专  |  招2人,0.8-1.5万/月,03-06发布
后台开发工程师,深圳迪乐普数码科技有限公司,深圳-宝安区  |  2年经验  |  本科  |  招2人,1-1.5万/月,03-06发布
FPGA工程师（锂电自动化）,深圳市海目星激光智能装备股份有限公司,深圳  |  2年经验  |  本科  |  招2人,1-2.5万/月,03-06发布
高级C/C++开发工程师 (MJ001686),杭州安恒信息技术股份有限公司,深圳-福田区  |  2年经验  |  本科  |  招2人,0.8-1.6万/月,03-06发布
Java开发工程师,大连滋德商务咨询有限公司,异地招聘  |  1年经验  |  大专  |  招10人,1.5-5万/月,03-06发布
物联网大数据开发工程师,广东电子工业研究院有限公司,异地招聘  |  1年经验  |  本科  |  招1人,0.8-1.5万/月,03-06发布
软件工程师,深圳市迅科达智能科技有限公司,异地招聘  |  2年经验  |  本科  |  招若干人,1-1.5万/月,03-05发布
go语言开发,深圳市华云中盛科技股份有限公司,深圳-南山区  |  2年经验  |  大专  |  招1人,1.5-2万/月,03-05发布
爬虫开发工程师,精奥科技（深圳）有限公司,深圳-龙华区  |  2年经验  |  大专  |  招若干人,1-2万/月,03-05发布
嵌入式软件工程师,皇景光电（深圳）有限公司,深圳-福田区  |  2年经验  |  本科  |  招若干人,1-1.5万/月,03-05发布
C++,深圳橐龠科技有限公司,深圳-南山区  |  1年经验  |  本科  |  招2人,1.5-3万/月,03-05发布
后端开发工程师,深圳市科图智造技术有限公司,深圳-南山区  |  1年经验  |  大专  |  招1人,1-1.5万/月,03-05发布
SLAM算法工程师/专家,深圳市佳顺智能机器人股份有限公司,深圳  |  2年经验  |  本科  |  招若干人,2-4万/月,03-05发布
软件工程师,力维兴电子（深圳）有限公司,深圳-宝安区  |  1年经验  |  大专  |  招1人,1.2-3万/月,03-05发布
嵌入式软件工程师（应用）,奉加微电子（上海）有限公司,深圳  |  1年经验  |  本科  |  招2人,1-4万/月,03-05发布
软件开发工程师,深圳为准精机仪器设备有限公司,深圳-龙岗区  |  2年经验  |  本科  |  招1人,0.9-1.5万/月,03-05发布
Java开发工程师,深圳市富安达智能科技有限公司,深圳  |  2年经验  |  大专  |  招1人,0.8-1.3万/月,03-05发布
后端工程师（北美）,华扬联众数字技术股份有限公司,深圳-南山区  |  2年经验  |  本科  |  招1人,1-2万/月,03-05发布
PHP开发工程师,深圳银雁数据科技有限公司,深圳-罗湖区  |  2年经验  |  大专  |  招2人,0.8-1.7万/月,03-05发布
（高级）嵌入式软件工程师,陕西广茂电子科技有限责任公司深圳分公司,深圳-宝安区  |  1年经验  |  本科  |  招2人,20-30万/年,03-05发布
软件工程师,深圳市越疆科技有限公司,深圳-南山区  |  2年经验  |  本科  |  招若干人,1.6-2.5万/月,03-05发布
.NET开发工程师,赞华电子系统（深圳）有限公司,深圳-福田区  |  2年经验  |  大专  |  招1人,0.8-1.5万/月,03-05发布
三维工程师,深圳市规划国土房产信息中心（深圳市空间地理信息中心）,深圳  |  1年经验  |  本科  |  招1人,0.8-1.2万/月,03-04发布
软件工程师,珠海千位科技有限公司,异地招聘  |  2年经验  |  本科  |  招3人,1.5-2万/月,03-04发布
后端开发工程师,深圳市安络科技有限公司,深圳  |  1年经验  |  本科  |  招若干人,1-1.5万/月,03-04发布
数据挖掘工程师,深圳市格瑞普电池有限公司,深圳-龙华区  |  2年经验  |  大专  |  招1人,1.5-2万/月,03-04发布
大数据开发工程师,福建顶点软件股份有限公司,深圳-福田区  |  1年经验  |  本科  |  招2人,1-1.8万/月,03-04发布
Junior Embedded SW Engineer 嵌入式软件工程师,深圳尚科宁家科技有限公司,深圳-龙华区  |  2年经验  |  本科  |  招1人,1-1.5万/月,03-03发布
软件开发工程师（数据库）,深圳天海宸光科技有限公司,深圳-南山区  |  2年经验  |  本科  |  招1人,1.2-1.8万/月,03-03发布
大数据开发工程师,深圳市德科信息技术有限公司,深圳-福田区  |  2年经验  |  本科  |  招1人,1.3-1.7万/月,03-03发布
程序员IT Programmer,伍尔特电子有限公司,深圳-龙岗区  |  2年经验  |  大专  |  招1人,1-1.5万/月,03-03发布
RPA交付工程师,南京英诺森软件科技有限公司,异地招聘  |  2年经验  |  本科  |  招2人,1.1-1.8万/月,03-02发布
大数据开发工程师,深圳市卓越方达科技有限公司,深圳-福田区  |  2年经验  |  本科  |  招5人,1.1-2.5万/月,03-02发布
全栈开发工程师,深圳市九立供应链股份有限公司,深圳-罗湖区  |  1年经验  |  本科  |  招1人,1-1.8万/月,03-02发布
Java开发工程师（深圳总部）,深圳市有为信息技术发展有限公司,深圳-龙岗区  |  2年经验  |  本科  |  招1人,1-2万/月,03-02发布
C++开发工程师,深圳市大摩网络科技有限公司,异地招聘  |  2年经验  |  大专  |  招3人,1-1.5万/月,03-02发布
嵌入式软件开发工程师,深圳市德威胜潜水工程有限公司,深圳-坪山区  |  1年经验  |  本科  |  招1人,0.8-2万/月,03-02发布
C++开发工程师（偏协议）,任子行网络技术股份有限公司,深圳  |  2年经验  |  本科  |  招1人,1.5-2万/月,02-26发布
大数据开发工程师,广州安正软件有限公司,深圳  |  2年经验  |  本科  |  招2人,1-1.8万/月,02-26发布
大数据开发工程师,深圳市赢和信息技术有限公司,深圳-福田区  |  2年经验  |  本科  |  招2人,1.1-1.5万/月,02-26发布
PHP开发工程师,深圳鹏爱医院投资管理有限公司,深圳-南山区  |  2年经验  |  本科  |  招1人,6.5-9千/月,02-26发布
大数据开发工程师,深圳市拓保软件有限公司,深圳  |  2年经验  |  大专  |  招50人,1-2万/月,02-26发布
软件工程师,深圳市林科电气发展有限公司,深圳-宝安区  |  1年经验  |  本科  |  招4人,0.6-2万/月,02-26发布
架构师,深圳市汇通合力科技股份有限公司,深圳-南山区  |  1年经验  |  本科  |  招1人,1-1.8万/月,02-25发布
音频算法工程师,桂林智神信息技术股份有限公司,深圳-龙岗区  |  2年经验  |  本科  |  招若干人,2.5-5万/月,02-25发布
大数据开发工程师,深圳市赢时胜信息技术股份有限公司,深圳-福田区  |  2年经验  |  本科  |  招3人,1.2-1.8万/月,02-25发布
服务端开发工程师（ST00127）,深圳市星阅科技有限公司,深圳-宝安区  |  2年经验  |  本科  |  招1人,1-1.5万/月,02-24发布
高级C++全栈开发工程师,深圳市北科瑞声科技股份有限公司,深圳-南山区  |  2年经验  |  本科  |  招若干人,2.5-3万/月,02-24发布
嵌入式软件工程师,深圳市威富视界有限公司,深圳-宝安区  |  2年经验  |  本科  |  招1人,1.2-2.5万/月,02-24发布
.NET开发工程师(高级后端开发）,深圳市海威达科技有限公司,深圳-龙岗区  |  1年经验  |  本科  |  招5人,0.8-2万/月,02-24发布
Linux开发工程师,中国长城科技集团股份有限公司自主安全研发事业部,深圳  |  2年经验  |  硕士  |  招3人,1.2-2.2万/月,02-24发布
数据开发工程师,兴业数字金融服务（上海）股份有限公司,深圳  |  2年经验  |  本科  |  招若干人,,02-24发布
golang开发工程师,深圳市逆熵科技有限公司,深圳-宝安区  |  2年经验  |  本科  |  招2人,1.5-2万/月,02-23发布
控制软件工程师,珠海云航智能技术有限公司,异地招聘  |  2年经验  |  本科  |  招2人,1-1.5万/月,02-23发布
嵌入式软件工程师,所亿科技（深圳）有限公司,深圳-宝安区  |  2年经验  |  中技  |  招2人,0.8-1万/月,02-23发布
Java开发工程师,深圳龙泽教育科技有限公司,深圳-龙岗区  |  1年经验  |  大专  |  招10人,1.5-2万/月,02-23发布
NodeJs,深圳妙创信息技术有限公司,深圳  |  2年经验  |  大专  |  招2人,1.5千以下/月,02-23发布
软件工程师,崧智智能科技（深圳）有限公司,深圳-宝安区  |  2年经验  |  本科  |  招1人,1-2万/月,02-23发布
软件开发工程师（后端服务）,高深智图（广州）科技有限公司,异地招聘  |  2年经验  |  本科  |  招若干人,2-4万/月,02-23发布
生物信息分析高级工程师(J16305),深圳华大基因股份有限公司,深圳-盐田区  |  2年经验  |  硕士  |  招1人,1-1.5万/月,02-22发布
高级嵌入式软件工程师,深圳市光与生物科技有限公司,深圳-光明新区  |  2年经验  |  本科  |  招5人,0.9-2万/月,02-22发布
Java开发工程师,深圳市长亮科技股份有限公司,异地招聘  |  1年经验  |  大专  |  招20人,1-1.5万/月,02-22发布
Golang后端工程师,深圳市途林科技有限公司,深圳-龙岗区  |  2年经验  |  本科  |  招6人,1.5-3万/月,02-22发布
树莓派工程师,深圳市费诺创新科技有限公司,深圳-龙华区  |  1年经验  |  大专  |  招1人,0.8-1.5万/月,02-20发布
BSW软件工程师,Bassetti China,深圳-坪山区  |  2年经验  |  本科  |  招若干人,1-2万/月,02-19发布
软件工程师,深圳市深大唯同科技有限公司,深圳-南山区  |  2年经验  |  本科  |  招1人,1-2万/月,02-19发布
后台开发工程师,深圳市拓普明途企业管理咨询有限公司,深圳-南山区  |  2年经验  |  本科  |  招12人,2.5-5万/月,02-18发布
后台开发工程师,深圳小秦云信息技术有限公司,深圳-南山区  |  2年经验  |  本科  |  招12人,2.5-5万/月,02-18发布
爬虫开发工程师,深圳市阿卡索资讯股份有限公司,深圳-罗湖区  |  2年经验  |  本科  |  招1人,1-1.5万/月,02-18发布
应用软件工程师,北京的卢深视科技有限公司,深圳-南山区  |  1年经验  |  本科  |  招2人,1.3-2.5万/月,02-18发布
C# / WPF软件工程师,深圳市佳博兆丰科技有限公司,深圳-南山区  |  1年经验  |  大专  |  招若干人,0.6-1.2万/月,02-18发布
DevOps工程师,中国中金财富证券有限公司,深圳  |  1年经验  |  本科  |  招3人,1.3-2万/月,02-17发布
迅雷后台开发工程师,广州赛泽科技有限公司,深圳-南山区  |  1年经验  |  大专  |  招若干人,1-1.8万/月,02-17发布
Odoo高级开发工程师,深圳市快美妆科技有限公司,深圳-南山区  |  2年经验  |  本科  |  招1人,1-1.5万/月,02-07发布
大数据开发工程师,上海携银信息科技有限公司,深圳-南山区  |  2年经验  |  本科  |  招3人,1.2-1.8万/月,02-03发布
PHP Developer/ PHP开发人员,利优科技资讯服务（深圳）有限公司,异地招聘  |  1年经验  |  大专  |  招3人,1.5-2.5万/月,01-26发布
后台开发工程师,深圳三二数字内容有限公司,深圳-南山区  |  2年经验  |  本科  |  招2人,8-9千/月,01-26发布
软件工程师,深圳依可医疗科技有限公司,深圳-宝安区  |  2年经验  |  本科  |  招1人,1.5-2万/月,01-24发布
存储工程师,深圳市讯方软件技术有限责任公司,异地招聘  |  2年经验  |  大专  |  招10人,1.3-2.5万/月,01-20发布
嵌入式开发工程师（产线驱动）,深圳如一探索科技有限公司,深圳-宝安区  |  1年经验  |  本科  |  招1人,0.8-1.5万/月,01-20发布
编译器工程师,珠海市芯动力科技有限公司,深圳-南山区  |  2年经验  |  硕士  |  招2人,2-3万/月,01-16发布
AI软件工程师,购乐贸易（深圳）有限公司,深圳-罗湖区  |  1年经验  |  本科  |  招2人,1-1.5万/月,01-13发布
软件测试工程师 (Python),深圳快造科技有限公司,深圳-南山区  |  2年经验  |  本科  |  招1人,0.8-1.5万/月,03-09发布
Python跨境电商数据分析员,深圳市瑞拓步科技有限公司,异地招聘  |  2年经验  |  大专  |  招2人,6-8千/月,03-09发布
Python课程设计师,深圳点猫科技有限公司,深圳-南山区  |  2年经验  |  本科  |  招若干人,1.2-1.6万/月,03-09发布
少儿编程Python讲师,深圳盛思教育咨询有限公司,深圳-南山区  |  2年经验  |  本科  |  招2人,0.8-1万/月,03-09发布
python讲师,风变科技（深圳）有限公司,深圳-南山区  |  1年经验  |  本科  |  招若干人,1-1.5万/月,03-08发布
算法工程师（Python）,深圳市数码人技术有限公司,深圳-南山区  |  2年经验  |  本科  |  招1人,1.5-2万/月,03-02发布
Python编程***老师,深圳国际预科学院,深圳-宝安区  |  1年经验  |  本科  |  招1人,800元/天,02-26发布
数据分析师（python）,上海华腾软件系统有限公司,深圳-福田区  |  2年经验  |  本科  |  招1人,1-1.5万/月,01-20发布
RPA流程自动化开发工程师,敦豪物流（北京）有限公司上海分公司,深圳  |  2年经验  |  本科  |  招9人,1-1.5万/月,03-09发布
作业支持专员（数据分析与项目管理）,中外运-敦豪(DHL-Sinotrans),深圳-福田区  |  2年经验  |  本科  |  招1人,8-9千/月,03-09发布
亚马逊数据分析员,深圳市狮狼科技有限公司,深圳-南山区  |  2年经验  |  大专  |  招1人,0.8-1万/月,03-09发布
乐高、编程教师,深圳市文珺教育科技咨询有限公司,深圳-福田区  |  1年经验  |  本科  |  招10人,0.5-1万/月,03-09发布
软件测试工程师,深圳市微创云启科技有限公司,深圳-南山区  |  1年经验  |  大专  |  招2人,0.6-1.2万/月,03-09发布
数据研发工程师,深圳市世联土地房地产评估有限公司,深圳-福田区  |  2年经验  |  本科  |  招1人,1-1.5万/月,03-09发布
web开发适配工程师,深圳优博视科技有限公司,深圳-罗湖区  |  1年经验  |  大专  |  招若干人,0.8-1.5万/月,03-09发布
相机标定工程师（TOF）,深圳市光微科技有限公司,深圳-南山区  |  1年经验  |  本科  |  招1人,1-1.8万/月,03-09发布
Web前端测试开发助理,深圳市缔盟软件有限公司,深圳  |  1年经验  |  大专  |  招3人,6-9千/月,03-09发布
四点半课程老师,深圳市联特微电脑信息技术开发有限公司,深圳-龙岗区  |  1年经验  |  大专  |  招6人,6-8千/月,03-09发布
数据分析师,深圳市纽泰睿科技发展有限公司,深圳  |  2年经验  |  本科  |  招1人,1-1.5万/月,03-09发布
股权激励咨询顾问（深圳）,上海信公企业管理咨询有限公司,深圳-福田区  |  2年经验  |  本科  |  招2人,1-1.8万/月,03-09发布
图像增强算法工程师,深圳市格灵人工智能与机器人研究院,深圳-南山区  |  2年经验  |  硕士  |  招2人,1.8-3.5万/月,03-09发布
技术支持工程师,上海科络达云软件技术有限公司,深圳-南山区  |  1年经验  |  大专  |  招2人,0.8-1.2万/月,03-09发布
成本会计,深圳市誉辰自动化设备有限公司,深圳-宝安区  |  2年经验  |  大专  |  招2人,1-1.2万/月,03-09发布
高级运维工程师,深圳航天信息有限公司,深圳-福田区  |  2年经验  |  本科  |  招2人,0.7-1.3万/月,03-09发布
高级量化工程师,深圳明时投资管理有限公司,深圳-南山区  |  2年经验  |  本科  |  招1人,0.8-1万/月,03-09发布
前端开发工程师,深圳怀新企业投资顾问股份有限公司,深圳  |  2年经验  |  本科  |  招1人,20-30万/年,03-09发布
新能源功率预测运维工程师,深圳华工能源技术有限公司,深圳-龙岗区  |  1年经验  |  大专  |  招1人,0.6-1万/月,03-09发布
视觉算法工程师,深圳市联深科技发展有限公司,深圳-南山区  |  2年经验  |  本科  |  招若干人,2.5-3万/月,03-09发布
图像算法工程师,深圳市中电数通智慧安全科技股份有限公司,深圳-南山区  |  1年经验  |  硕士  |  招1人,1-2.5万/月,03-09发布
量化策略研究员,深圳市衮雪量化技术有限公司,深圳-龙华区  |  2年经验  |  硕士  |  招2人,1-3万/月,03-09发布
测试工程师,深圳市睿达科技有限公司,深圳-南山区  |  1年经验  |  大专  |  招2人,0.8-1万/月,03-09发布
售前工程师,深圳海云安网络安全技术有限公司,深圳-福田区  |  1年经验  |  本科  |  招若干人,15-25万/年,03-09发布
深度学习算法工程师,深圳精创视觉科技有限公司,深圳-龙华区  |  2年经验  |  硕士  |  招1人,2-3万/月,03-09发布
前端开发工程师,深圳晶泰科技有限公司,深圳-福田区  |  2年经验  |  本科  |  招若干人,1.5-2万/月,03-09发布
测试工程师,深圳市荣昇供应链有限公司,深圳  |  2年经验  |  大专  |  招1人,1-1.5万/月,03-09发布
助理工程师,中科寒武纪科技股份有限公司,深圳-南山区  |  1年经验  |  大专  |  招3人,0.6-1.5万/月,03-09发布
测试（系统操作）工程师,绿银智科科技（深圳）有限公司,深圳-龙岗区  |  2年经验  |  本科  |  招1人,6-9千/月,03-09发布
初级测试工程师（含应届生）,深圳市中航比特通讯技术股份有限公司,深圳-南山区  |  1年经验  |  本科  |  招若干人,0.7-1万/月,03-09发布
系统运维工程师,深圳市泰比特科技有限公司,深圳  |  1年经验  |  大专  |  招3人,0.8-1.5万/月,03-09发布
电视生产后台核心系统运维岗,深圳广播电影电视集团,深圳-福田区  |  2年经验  |  大专  |  招若干人,0.8-1万/月,03-09发布
Linux运维工程师,傲讯全通科技（深圳）有限公司,深圳  |  2年经验  |  本科  |  招若干人,1-2万/月,03-09发布
NLP工程师,深圳市驱动人生科技股份有限公司,深圳-南山区  |  2年经验  |  硕士  |  招1人,1.7-3.4万/月,03-09发布
运维工程师,深圳市同步安讯信息技术有限公司,深圳-福田区  |  2年经验  |  本科  |  招2人,15-35万/年,03-09发布
网络运维工程师,深圳秦云网科技有限公司,深圳-南山区  |  2年经验  |  本科  |  招2人,0.4-1万/月,03-09发布
软件测试工程师,深圳市倍泰健康测量分析技术有限公司,异地招聘  |  2年经验  |  大专  |  招2人,7-8.5千/月,03-09发布
香港前端开发工程师,深圳樱吉尔企业咨询管理有限公司,深圳  |  2年经验  |  本科  |  招3人,1.5-2万/月,03-09发布
飞控算法工程师,华强方特文化科技集团股份有限公司,深圳-南山区  |  2年经验  |  本科  |  招2人,1.5-2.5万/月,03-09发布
高级手游服务器端开发工程师（超大IP项目）,网易集团,异地招聘  |  2年经验  |  本科  |  招若干人,2-4万/月,03-09发布
Associate - Data Analysis - Risk Assurance - GZ/SZ,PwC 普华永道,深圳  |  1年经验  |  本科  |  招若干人,,03-09发布
数据分析师,富士康科技集团CMBU,深圳-龙华区  |  1年经验  |  本科  |  招2人,6.5-9千/月,03-08发布
Statistician/ Data Scientist 高级工业统计分析,戈尔科技（深圳）有限公司,深圳  |  1年经验  |  硕士  |  招1人,,03-08发布
数据库工程师,富士康科技集团CNSBG事业群,深圳-龙华区  |  2年经验  |  本科  |  招3人,1-2万/月,03-08发布
总行个人信贷部_数据分析岗,珠海华润银行股份有限公司,深圳-南山区  |  1年经验  |  本科  |  招1人,,03-08发布
测试工程师,腾讯RDM,深圳-南山区  |  1年经验  |  本科  |  招若干人,1.2-1.8万/月,03-07发布
FW Testing Engineer,伟创力研发（深圳）有限公司,深圳-南山区  |  2年经验  |  本科  |  招1人,0.8-1万/月,03-01发布
数据分析专员（备件计划）,华为技术有限公司,深圳-龙岗区  |  1年经验  |  本科  |  招1人,0.8-1万/月,02-27发布
销售数据分析,跨越速运集团有限公司,深圳-宝安区  |  2年经验  |  大专  |  招3人,6-8千/月,02-23发布
WEB開發工程師,富士康科技集团工管资讯,深圳-龙华区  |  1年经验  |  本科  |  招5人,4-6千/月,02-23发布
Consultant / Senior Consultant - Data Science CoE - Consulting - Beijing / Shanghai / Shenzhen,德勤中国,深圳  |  1年经验  |  硕士  |  招若干人,,02-20发布
海外数据分析专员,美的集团冰箱事业部,深圳-南山区  |  2年经验  |  本科  |  招1人,12-25万/年,02-19发布
高级算法开发工程师,比亚迪股份有限公司,深圳  |  2年经验  |  本科  |  招若干人,1.5-3万/月,03-09发布
Product Engr. / 产品工程师,深圳新飞通光电子技术有限公司,深圳-南山区  |  2年经验  |  本科  |  招1人,1.5-2万/月,03-09发布
系统/运维工程师,比亚迪精密制造有限公司,深圳-龙岗区  |  1年经验  |  大专  |  招3人,1-1.5万/月,03-05发布
后台开发工程师,广州四三九九信息科技有限公司,异地招聘  |  1年经验  |  大专  |  招若干人,1.1-2万/月,03-02发布
前端开发工程师(002243),康佳集团股份有限公司,深圳-南山区  |  1年经验  |  本科  |  招2人,12-18万/年,03-01发布
总线网络工程师,比亚迪汽车工业有限公司,深圳  |  2年经验  |  本科  |  招1人,1-2万/月,02-19发布
系统测试工程师,TCL科技集团股份有限公司,异地招聘  |  2年经验  |  本科  |  招若干人,0.6-1万/月,02-01发布
算法专家,TCL电子,深圳-南山区  |  2年经验  |  招若干人,3-5万/月,01-19发布
BK335W-信贷政策管理岗,平安银行汽车金融中心,深圳-福田区  |  2年经验  |  本科  |  招2人,1-1.5万/月,03-09发布
BK41JY-模型开发岗,平安银行股份有限公司,深圳-罗湖区  |  2年经验  |  本科  |  招1人,20-30万/年,03-09发布
高级算法工程师,深圳泰山体育科技股份有限公司,深圳-南山区  |  2年经验  |  硕士  |  招1人,2-2.5万/月,03-09发布
数据分析师,红牛公司深圳分公司,深圳-福田区  |  1年经验  |  本科  |  招1人,6-8千/月,03-09发布
安全测试/渗透测试,神州数码信息服务股份有限公司,深圳-福田区  |  2年经验  |  本科  |  招若干人,1-1.5万/月,03-09发布
经营分析专员,金蝶软件（中国）有限公司,深圳  |  2年经验  |  本科  |  招1人,1-1.5万/月,03-09发布
测试工程师,汉王科技股份有限公司,深圳-福田区  |  2年经验  |  大专  |  招2人,0.7-1.2万/月,03-03发布
应用运维管理岗,深圳证券通信有限公司,深圳-南山区  |  2年经验  |  本科  |  招1人,2.1-2.5万/月,03-09发布
运维工程师,深圳市星宫数据科技有限公司,深圳-龙岗区  |  2年经验  |  本科  |  招2人,0.8-1.3万/月,03-09发布
Junior/Sr IC Design Verification/验证工程师,"Sytrons Technology Co.,Ltd. 思信电子科技有限公司",深圳-南山区  |  1年经验  |  本科  |  招3人,10-40万/年,03-09发布
期权量化做市交易员（深圳总部上）,五矿经易期货有限公司,深圳  |  1年经验  |  硕士  |  招若干人,1-2万/月,03-09发布
机器人/编程老师（STEAM创客）,深圳童程童美教育有限公司,深圳-福田区  |  1年经验  |  本科  |  招2人,0.8-1.2万/月,03-09发布
深度学习图像算法工程师,深圳市智信精密仪器股份有限公司,深圳-龙华区  |  1年经验  |  本科  |  招2人,1-1.5万/月,03-09发布
配置管理工程师,江苏润和软件股份有限公司,深圳-南山区  |  1年经验  |  大专  |  招5人,1.5-3万/月,03-09发布
AI算法工程师,深圳市腾盛精密装备股份有限公司,深圳-龙华区  |  2年经验  |  本科  |  招1人,1.2-2.8万/月,03-09发布
生物信息工程师,上海荻硕贝肯医学检验所有限公司,深圳-大鹏新区  |  2年经验  |  硕士  |  招3人,1.5-2万/月,03-09发布
FAE(无线测试),深圳市极致汇仪科技有限公司,深圳-宝安区  |  2年经验  |  本科  |  招1人,1.2-1.8万/月,03-09发布
PIE工程师,深圳亦深电子有限公司,深圳-福田区  |  2年经验  |  大专  |  招2人,1-1.5万/月,03-09发布
运维工程师,深圳市德圆技术有限公司,深圳-龙岗区  |  2年经验  |  大专  |  招2人,6-8千/月,03-09发布
运维工程师,深圳博为教育科技有限公司,深圳-南山区  |  2年经验  |  本科  |  招1人,1-1.5万/月,03-09发布
Linux运维工程师,深圳微聚美科技有限公司,深圳-南山区  |  1年经验  |  大专  |  招1人,1-1.5万/月,03-09发布
软件测试工程师,深圳加华高宁科技有限公司,深圳  |  1年经验  |  本科  |  招若干人,10-15万/年,03-09发布
运维工程师,铂媒（上海）集团,深圳-福田区  |  2年经验  |  本科  |  招2人,1.5-2万/月,03-09发布
PIE工程师,深圳市畅天游智能科技有限公司,深圳-宝安区  |  2年经验  |  大专  |  招1人,0.8-1.5万/月,03-09发布
硬件测试工程师,深圳帧观德芯科技有限公司,深圳-南山区  |  2年经验  |  本科  |  招1人,0.8-1.2万/月,03-09发布
图像算法工程师,深圳市施罗德工业集团有限公司,深圳-龙华区  |  2年经验  |  硕士  |  招1人,2-3万/月,03-09发布
中级软件测试工程师,深圳市开工科技有限公司,深圳-宝安区  |  1年经验  |  本科  |  招1人,0.6-1万/月,03-09发布
数据处理工程师,深圳市安思疆科技有限公司,深圳-南山区  |  1年经验  |  本科  |  招2人,1-2万/月,03-09发布
软件测试 (MJ000069),深圳市领星网络科技有限公司,深圳-南山区  |  1年经验  |  本科  |  招若干人,0.7-1.2万/月,03-09发布
软件测试工程师,深圳华大智造科技股份有限公司,深圳-盐田区  |  1年经验  |  本科  |  招若干人,1.2-1.8万/月,03-09发布
变压器与磁电工程师（合伙人制）,深圳市省油灯网络科技有限公司,深圳-龙岗区  |  2年经验  |  本科  |  招1人,2.5-3万/月,03-09发布
网络运维工程师,深圳牛链存储科技有限公司,深圳-宝安区  |  2年经验  |  本科  |  招6人,0.8-2万/月,03-09发布
测试工程师,深圳市正运动技术有限公司,深圳-宝安区  |  2年经验  |  本科  |  招1人,10-15万/年,03-09发布
自动化测试工程师,深圳市中盛瑞达科技有限公司,深圳-宝安区  |  2年经验  |  本科  |  招1人,1.5-2.5万/月,03-09发布
少儿编程老师,深圳火星编程教育科技有限公司,深圳-宝安区  |  1年经验  |  本科  |  招3人,1-1.5万/月,03-09发布
诊断算法工程师,深圳市翌日科技有限公司,深圳-宝安区  |  1年经验  |  硕士  |  招若干人,1.5-2万/月,03-09发布
软件运维工程师,中核凯利（深圳）餐饮管理有限公司,深圳-南山区  |  2年经验  |  本科  |  招1人,1-1.5万/月,03-09发布
AI算法研发工程师,深圳市华士精成科技有限公司,深圳-南山区  |  2年经验  |  硕士  |  招若干人,2-4万/月,03-09发布
软件测试工程师,深圳市微筑科技有限公司,深圳-南山区  |  2年经验  |  大专  |  招1人,6-8千/月,03-09发布
人机交互工程师（医疗机器人）,深圳市先赞科技有限公司,深圳-南山区  |  2年经验  |  硕士  |  招1人,2-4万/月,03-09发布
金融与投资分析师,深圳市星光愿景科技有限公司,深圳-南山区  |  1年经验  |  本科  |  招2人,1-1.5万/月,03-09发布
WEB开发工程师,深圳市岚明电子科技有限公司,深圳-南山区  |  2年经验  |  大专  |  招2人,0.9-1.1万/月,03-09发布
AI机器学习算法工程师,宏图瀛通（广州）人力资源有限公司,深圳  |  2年经验  |  本科  |  招2人,4-8万/月,03-09发布
研发工程师,深圳市鹏丰电气有限公司,深圳-南山区  |  1年经验  |  本科  |  招2人,0.6-2万/月,03-09发布
数据分析师,雷特网络科技有限公司,深圳-龙华区  |  2年经验  |  本科  |  招1人,1.5-3万/月,03-09发布
产品策划及分析师,深圳市百途鸿科技有限公司,深圳-南山区  |  1年经验  |  本科  |  招2人,6-8千/月,03-09发布
可视化/经营数据分析师（上市公司）,深圳索信达数据技术有限公司,深圳-福田区  |  2年经验  |  本科  |  招2人,1.2-2.5万/月,03-09发布
测试工程师 (软件测试),深圳市七曜智造科技有限公司,深圳-宝安区  |  2年经验  |  大专  |  招2人,0.9-1.5万/月,03-09发布
运维工程师,北京花千树文化发展有限公司,深圳-罗湖区  |  2年经验  |  大专  |  招1人,1-1.5万/月,03-09发布
人工智能算法工程师,深圳市超准视觉科技有限公司,深圳-南山区  |  1年经验  |  本科  |  招2人,1-5万/月,03-09发布
运维工程师,深圳市陀螺传媒有限公司,深圳  |  2年经验  |  大专  |  招若干人,1.5-2万/月,03-09发布
算法工程师,成都玻尔兹曼科技有限公司,深圳  |  1年经验  |  本科  |  招2人,2.5-4万/月,03-09发布
激光算法工程师（福田）,港中大研究院（深圳）有限公司,深圳  |  2年经验  |  本科  |  招1人,0.9-1.8万/月,03-09发布
BI实施工程师,妍丽化妆品（中国）有限公司,深圳  |  2年经验  |  本科  |  招若干人,1-1.5万/月,03-09发布
数据工程师,深圳大象投资顾问有限公司,深圳-福田区  |  1年经验  |  本科  |  招若干人,0.5-1万/月,03-09发布
500强外资企业 数据分析,招才招单信息科技（上海）有限公司,深圳-福田区  |  1年经验  |  本科  |  招若干人,0.8-1万/月,03-09发布
SSMR MR硬件工程师(电子)/HW Engineer(Electrical),西门子 （深圳）磁共振有限公司,深圳-南山区  |  2年经验  |  本科  |  招1人,,03-09发布
测试工程师,深圳市海王星辰医药有限公司,深圳-南山区  |  2年经验  |  本科  |  招1人,0.8-1.4万/月,03-09发布
仿生机器人步态与AI算法工程师,深圳市天博智科技有限公司,深圳-南山区  |  2年经验  |  本科  |  招1人,0.8-2万/月,03-09发布
测试工程师,深圳市爱可诗元素网络科技有限公司,深圳-南山区  |  2年经验  |  本科  |  招1人,1-2万/月,03-09发布
数据分析师/高级计划专员,深圳市全洲隆科技有限公司,深圳-龙岗区  |  1年经验  |  大专  |  招1人,0.8-1.2万/月,03-09发布
软件工程师,倍科电子技术服务公司,深圳-南山区  |  1年经验  |  本科  |  招5人,0.8-2万/月,03-09发布
Mysql DBA,广州南洋软件科技有限公司,深圳-南山区  |  2年经验  |  本科  |  招2人,1.3-2万/月,03-09发布
运维工程师,北京网医联盟科技有限公司,深圳-福田区  |  2年经验  |  大专  |  招若干人,0.6-1万/月,03-09发布
软件UI工程师,深圳市愿力创科技有限公司,深圳-龙岗区  |  2年经验  |  本科  |  招2人,1.5-2千/月,03-09发布
运维工程师,深圳市中悦科技有限公司,深圳-龙岗区  |  2年经验  |  本科  |  招1人,0.8-1.5万/月,03-09发布
数据标注工程师,深圳国泰安教育技术有限公司,深圳-南山区  |  2年经验  |  大专  |  招1人,0.8-1.2万/月,03-09发布
Linux运维工程师,深圳市汇星数字技术有限公司,深圳-南山区  |  1年经验  |  大专  |  招2人,5-9千/月,03-09发布
软件测试工程师,北京国双科技有限公司,深圳  |  2年经验  |  本科  |  招3人,1-2万/月,03-09发布
性能测试工程师,深圳市立刻说网络科技有限公司,深圳-龙岗区  |  2年经验  |  大专  |  招1人,0.8-1万/月,03-09发布
系统测试工程师,深圳元戎启行科技有限公司,异地招聘  |  2年经验  |  本科  |  招1人,1-1.5万/月,03-09发布
运维开发工程师,深圳市广和通无线股份有限公司,深圳-南山区  |  2年经验  |  本科  |  招1人,1.5-2万/月,03-09发布
软件测试工程师,深圳市普天宜通技术股份有限公司,深圳-南山区  |  1年经验  |  大专  |  招3人,0.7-1.5万/月,03-09发布
运维开发工程师,深圳前海乐寻坊区块链科技有限公司,深圳  |  2年经验  |  大专  |  招1人,0.8-1.2万/月,03-09发布
软件测试工程师（中级）,广东优友网络科技有限公司,深圳-福田区  |  2年经验  |  大专  |  招1人,1-1.5万/月,03-09发布
运维工程师（跨境名企诚聘）,赛维时代科技股份有限公司,深圳  |  1年经验  |  本科  |  招2人,1-1.5万/月,03-09发布
大数据测试工程师,深圳市中易科技有限责任公司,深圳-福田区  |  2年经验  |  大专  |  招3人,1.3-2万/月,03-09发布
数据采集与标注工程师,深圳市视美泰技术股份有限公司,深圳-南山区  |  1年经验  |  本科  |  招若干人,1-1.5万/月,03-09发布
渗透测试工程师,广州市安鸿网络科技有限公司,深圳-罗湖区  |  2年经验  |  大专  |  招5人,1.5-2万/月,03-09发布
诚聘各专业论文写手论文写作,成都图鑫言营销策划有限公司,异地招聘  |  1年经验  |  本科  |  招100人,5-8万/月,03-09发布
数据挖掘,深圳市华曦达科技股份有限公司,深圳-南山区  |  2年经验  |  本科  |  招1人,0.8-1.5万/月,03-09发布
图像应用开发工程师（电子制造）,凌云光技术股份有限公司,深圳-南山区  |  2年经验  |  本科  |  招7人,1.5-2万/月,03-09发布
软件测试工程师,劢微机器人科技（深圳）有限公司,深圳-宝安区  |  1年经验  |  本科  |  招1人,6-8千/月,03-09发布
软件测试工程师,辗转相除科技（深圳）有限公司,深圳-南山区  |  2年经验  |  本科  |  招若干人,1-1.8万/月,03-09发布
资深测试工程师,北京旷视科技有限公司,深圳-南山区  |  2年经验  |  本科  |  招若干人,1.8-3.5万/月,03-09发布
数据分析师（电商/零售经验）,深圳市众思阁科技有限公司,深圳-龙华区  |  2年经验  |  本科  |  招1人,1-1.5万/月,03-09发布
系统测试工程师,深圳市智慧海洋科技有限公司,深圳-南山区  |  1年经验  |  本科  |  招1人,0.8-1.6万/月,03-09发布
Android应用工程师,深圳市橙子数字科技有限公司,深圳-南山区  |  1年经验  |  本科  |  招1人,1.2-2万/月,03-09发布
自动化测试工程师,深圳震有科技股份有限公司,深圳  |  2年经验  |  本科  |  招2人,1-1.5万/月,03-09发布
FAE工程师,深圳市沃德通通讯技术有限公司,深圳-福田区  |  2年经验  |  大专  |  招5人,1-1.5万/月,03-09发布
数据分析,“前程无忧”51job.com（人事外包事业部）,深圳  |  1年经验  |  本科  |  招4人,0.8-1万/月,03-09发布
数据分析师,深圳市天泰网络技术有限公司,深圳  |  2年经验  |  本科  |  招1人,0.8-1.5万/月,03-09发布
算法工程师（图像处理）,深圳开立生物医疗科技股份有限公司,深圳-南山区  |  1年经验  |  硕士  |  招1人,1.6-2.2万/月,03-09发布
算法助理工程师,赣州好朋友科技有限公司,深圳-南山区  |  1年经验  |  本科  |  招4人,0.8-1.2万/月,03-09发布
软件测试工程师,金证财富南京科技有限公司,深圳-南山区  |  1年经验  |  大专  |  招2人,0.8-1.3万/月,03-09发布
机器学习算法工程师,盛视科技股份有限公司,深圳-福田区  |  1年经验  |  硕士  |  招4人,15-20万/年,03-09发布
高级数据挖掘分析师,东莞市新动能机电技术服务有限公司,异地招聘  |  1年经验  |  本科  |  招1人,0.8-1.2万/月,03-09发布
运维分析专员,大昌行创舜融资租赁（上海）有限公司,深圳-宝安区  |  1年经验  |  本科  |  招1人,0.8-1万/月,03-09发布
APP测试工程师,深圳奥统平技术有限公司,深圳-南山区  |  1年经验  |  本科  |  招2人,6-9千/月,03-09发布
人工智能算法工程师,深圳市赛菲姆科技有限公司,深圳-龙华区  |  2年经验  |  硕士  |  招3人,1.5-4万/月,03-09发布
软件测试工程师,深圳中集智能科技有限公司,深圳-南山区  |  2年经验  |  本科  |  招若干人,0.9-1.1万/月,03-09发布
配置管理工程师,深圳市海鹏信新能源有限公司,深圳-光明新区  |  2年经验  |  大专  |  招1人,1-1.5万/月,03-09发布
电商系统开发/亚马逊,深圳市优迈灯饰有限公司,深圳-宝安区  |  2年经验  |  大专  |  招若干人,1-2万/月,03-09发布
算法工程师（图像方向）,丰疆智能科技股份有限公司,深圳-南山区  |  2年经验  |  硕士  |  招1人,2.5-3万/月,03-09发布
AI算法研发工程师,深圳市能信安科技股份有限公司,深圳  |  1年经验  |  本科  |  招1人,1-2万/月,03-09发布
测试工程师-工程部+双休+包吃住,深圳市恒天伟焱科技股份有限公司,深圳-宝安区  |  2年经验  |  本科  |  招1人,7-9千/月,03-09发布
研发工程师-实施(J10249),深圳前海新心数字科技有限公司,异地招聘  |  2年经验  |  本科  |  招1人,1.5-2万/月,03-09发布
软件测试工程师,深圳泽惠通通讯技术有限公司,深圳-南山区  |  1年经验  |  本科  |  招2人,0.8-1.3万/月,03-09发布
安全工程师(支付认证组） (MJ001087),上海商米科技集团股份有限公司,深圳-南山区  |  2年经验  |  本科  |  招1人,1.2-2万/月,03-09发布
系统运维工程师,深圳市科联汇通科技有限公司,深圳-南山区  |  2年经验  |  大专  |  招若干人,1-1.5万/月,03-09发布
电子工程师,深圳市智纬科技有限公司,深圳  |  1年经验  |  大专  |  招1人,5-8千/月,03-09发布
数据分析工程师,深圳市协卓软件有限公司,深圳-宝安区  |  2年经验  |  本科  |  招2人,1-1.5万/月,03-09发布
软件测试工程师,深圳移航通信技术有限公司,深圳-福田区  |  2年经验  |  大专  |  招若干人,1.2-2.5万/月,03-09发布
数据运营专员,深圳市中智信融资担保有限公司,深圳-南山区  |  1年经验  |  大专  |  招1人,0.6-1.2万/月,03-09发布
高级软件测试工程师,深圳市快门科技有限公司,深圳-南山区  |  2年经验  |  大专  |  招2人,1-1.5万/月,03-09发布
数据分析师,深圳市融臻资产管理有限公司,深圳-福田区  |  1年经验  |  本科  |  招2人,0.5-1万/月,03-09发布
运维工程师,深圳万天互娱科技有限公司,深圳-南山区  |  2年经验  |  本科  |  招1人,0.9-1.2万/月,03-09发布
数据统计分析专员,深圳市东昂科技有限公司,深圳  |  2年经验  |  本科  |  招若干人,5-7千/月,03-09发布
课程设计（教研）,深圳市大智无疆科技有限公司,深圳-福田区  |  1年经验  |  本科  |  招3人,1-1.5万/月,03-09发布
日语高级数据分析师-民营（编号：10104857）,英创人力资源服务（深圳）有限公司,深圳  |  2年经验  |  本科  |  招1人,1.8-2.5万/月,03-09发布
需求分析师,深圳市和合信诺大数据科技有限公司,深圳-南山区  |  2年经验  |  本科  |  招1人,1.5-2.5万/月,03-09发布
高级数据分析师,深圳市爱图仕影像器材有限公司,深圳-龙华区  |  2年经验  |  本科  |  招1人,1-1.5万/月,03-09发布
技术支持工程师,深圳市思卡乐科技有限公司,深圳-宝安区  |  1年经验  |  本科  |  招若干人,6-8千/月,03-09发布
初级测试工程师,深圳市蓝宇飞扬科技有限公司,深圳-福田区  |  2年经验  |  本科  |  招若干人,0.8-1万/月,03-09发布
测试工程师,深圳拓邦股份有限公司,深圳-南山区  |  1年经验  |  本科  |  招3人,0.7-1.2万/月,03-09发布
测试工程师,深圳市九象数字科技有限公司,深圳-福田区  |  2年经验  |  大专  |  招1人,0.8-1万/月,03-09发布
商业数据分析师,深圳善为影业股份有限公司,深圳-福田区  |  1年经验  |  本科  |  招1人,0.6-1.5万/月,03-09发布
数据分析师（亚马逊）,深圳市感恩网络科技有限公司,深圳-龙华区  |  1年经验  |  大专  |  招1人,0.8-1.5万/月,03-09发布
数据分析师（库存+销售模块）,深圳市金畅进出口有限公司,深圳-龙岗区  |  2年经验  |  本科  |  招1人,1-1.8万/月,03-09发布
需求分析工程师,深圳市南山智慧园区运营服务有限公司,深圳-南山区  |  1年经验  |  本科  |  招1人,7-9千/月,03-09发布
跨境电商运营助理,深圳慧萌网络科技有限公司,深圳-宝安区  |  1年经验  |  大专  |  招5人,5-7千/月,03-09发布
测试工程师,深圳市利谱信息技术有限公司,深圳-南山区  |  2年经验  |  本科  |  招2人,0.6-1万/月,03-09发布
初级游戏测试,成都博彦软件技术有限公司深圳分公司,深圳-南山区  |  1年经验  |  本科  |  招若干人,6-8千/月,03-09发布
研发测试工程师,深圳市同为数码科技股份有限公司,深圳-南山区  |  2年经验  |  本科  |  招2人,1-1.6万/月,03-09发布
高级/资深 IC验证工程师/Leader,深圳市维新教育科技有限公司,异地招聘  |  2年经验  |  本科  |  招若干人,4-5万/月,03-09发布
驻场工程师,广州佳众联科技有限公司,深圳-南山区  |  2年经验  |  大专  |  招若干人,6-8千/月,03-09发布
软件测试工程师,南京绛门信息科技股份有限公司,深圳  |  1年经验  |  本科  |  招若干人,0.8-1万/月,03-09发布
数据挖掘分析师,深圳市大甲餐饮管理有限公司,深圳-龙岗区  |  1年经验  |  大专  |  招若干人,1-2万/月,03-09发布
测试工程师（固件、APP）,深圳绿米联创科技有限公司,深圳-南山区  |  1年经验  |  本科  |  招若干人,1-1.5万/月,03-09发布
运维工程师,深圳市搜了网络科技股份有限公司,深圳-南山区  |  2年经验  |  大专  |  招1人,1-1.5万/月,03-09发布
运维工程师,值得看云技术有限公司,深圳  |  2年经验  |  本科  |  招1人,1-1.6万/月,03-09发布
游戏数据分析运营总监,深圳市爱游龙科技有限公司,深圳-南山区  |  2年经验  |  本科  |  招1人,2-4万/月,03-09发布
数据专员,深圳市以学教育科技有限公司,深圳-龙岗区  |  1年经验  |  本科  |  招1人,7-9千/月,03-09发布
网络管理员,深圳柚安米科技有限公司,深圳-龙岗区  |  1年经验  |  大专  |  招1人,6.5-8千/月,03-09发布
大气环境数据分析师,深圳市卡普瑞环境科技有限公司,深圳-福田区  |  2年经验  |  本科  |  招5人,0.6-1万/月,03-09发布
软件测试工程师(存储类),浙江宇视科技有限公司,深圳-南山区  |  2年经验  |  本科  |  招4人,0.8-1.5万/月,03-09发布
测试工程师,深圳市小溪流科技有限公司,深圳  |  2年经验  |  本科  |  招1人,0.6-1万/月,03-09发布
数据算法工程师,深圳康信润达科技有限公司,深圳-龙岗区  |  2年经验  |  本科  |  招若干人,1-2万/月,03-09发布
Linux技术支持经理,深圳市福洽科技有限公司,深圳-福田区  |  2年经验  |  大专  |  招1人,1.5-2万/月,03-09发布
高级运维工程师,深圳市云中鹤科技股份有限公司,深圳-南山区  |  2年经验  |  本科  |  招1人,1.5-2.5万/月,03-09发布
数据分析师,金马节能科技（深圳）有限公司,深圳-南山区  |  2年经验  |  本科  |  招2人,1-1.5万/月,03-09发布
agv工程师,深圳市中永物流有限公司,深圳-龙华区  |  2年经验  |  本科  |  招1人,0.8-1.5万/月,03-09发布
BRFT - 087 算法工程师（deep learning ）,堃博生物科技（上海）有限公司,深圳-南山区  |  1年经验  |  硕士  |  招3人,1.5-3万/月,03-09发布
数据库运维工程师,博彦科技（深圳）有限公司,深圳-福田区  |  2年经验  |  本科  |  招2人,0.9-1.1万/月,03-09发布
软件测试工程师,深圳市瑞驰信息技术有限公司,深圳-南山区  |  2年经验  |  大专  |  招7人,1-1.5万/月,03-09发布
自然语言处理（NLP）工程师,深圳市易二三科技有限公司,深圳-南山区  |  1年经验  |  本科  |  招1人,2-4万/月,03-09发布
人工智能工程师,深圳海润天恒科技有限公司,深圳-宝安区  |  1年经验  |  本科  |  招1人,1.2-2万/月,03-09发布
BI工程师,深圳市百翼网络科技有限公司,深圳-龙华区  |  1年经验  |  本科  |  招1人,1.2-2.2万/月,03-09发布
运维工程师,深圳市晶讯技术股份有限公司,深圳-南山区  |  2年经验  |  本科  |  招1人,1-3万/月,03-09发布
委外数据分析师,马上消费金融股份有限公司,深圳-福田区  |  1年经验  |  本科  |  招7人,0.8-1.3万/月,03-09发布
深度学习算法工程师,新疆爱华盈通信息技术有限公司深圳分公司,深圳-南山区  |  1年经验  |  本科  |  招若干人,1-2万/月,03-09发布
部署实施工程师,深圳市蓝凌软件股份有限公司,深圳-南山区  |  2年经验  |  本科  |  招1人,1-2万/月,03-09发布
图像算法工程师,深圳市博铭维智能科技有限公司,深圳-龙华区  |  2年经验  |  本科  |  招1人,1.5-2.5万/月,03-09发布
数据分析师,深圳市奥睿拓科技有限公司,深圳-龙华区  |  2年经验  |  大专  |  招1人,0.8-1.5万/月,03-09发布
SEO推广专员,深圳市二一教育股份有限公司,深圳-龙岗区  |  1年经验  |  大专  |  招1人,4.5-8千/月,03-09发布
人工智能算法工程师,深圳市理邦精密仪器股份有限公司,深圳-坪山区  |  1年经验  |  硕士  |  招2人,1.5-2.5万/月,03-09发布
内部审计专员,深圳市朗华供应链服务有限公司,深圳-龙岗区  |  2年经验  |  本科  |  招1人,0.8-1万/月,03-09发布
APP测试工程师（家电）,深圳市智意科技有限公司,深圳-龙岗区  |  1年经验  |  本科  |  招2人,0.9-1.5万/月,03-09发布
数字IC设计工程师/Digital IC Design Engineer,辰芯半导体（深圳）有限公司,深圳-南山区  |  1年经验  |  本科  |  招1人,1.5-2.5万/月,03-09发布
大数据/鲲鹏助教,深圳市讯方技术股份有限公司,深圳  |  1年经验  |  本科  |  招2人,0.8-1.5万/月,03-09发布
数据库管理,深圳仅铖数据科技有限公司,深圳-南山区  |  2年经验  |  本科  |  招5人,1-1.5万/月,03-09发布
树莓派工程师,深圳市元硕自动化科技有限公司,深圳-宝安区  |  1年经验  |  大专  |  招1人,1-1.5万/月,03-09发布
数据分析师,深圳市宝安区学文教育培训中心,深圳-龙华区  |  1年经验  |  大专  |  招2人,0.6-1万/月,03-09发布
计算机视觉算法工程师,深圳希创旺思电子科技有限公司,深圳-福田区  |  2年经验  |  本科  |  招3人,1-2万/月,03-09发布
渗透测试工程师,深圳市极限网络科技有限公司,深圳  |  1年经验  |  大专  |  招4人,1.2-2万/月,03-09发布
无线路由器测试工程师,联发科技股份有限公司,深圳-南山区  |  1年经验  |  大专  |  招2人,0.7-1.2万/月,03-09发布
财务数据分析专员,深圳市英博伟业科技有限公司,深圳-罗湖区  |  1年经验  |  大专  |  招1人,0.6-1万/月,03-09发布
绩效主管,深圳市乐海蓓蕾文化发展有限公司,深圳-福田区  |  2年经验  |  本科  |  招1人,1-1.5万/月,03-09发布
软件测试工程师,深圳市易图资讯股份有限公司,深圳-南山区  |  1年经验  |  本科  |  招2人,8-10万/年,03-09发布
成本控制助理,深圳市杰尔斯展示股份有限公司,深圳-福田区  |  1年经验  |  大专  |  招1人,5-6千/月,03-09发布
数据分析师,深圳市深电能售电有限公司,深圳-龙华区  |  2年经验  |  本科  |  招1人,0.8-1万/月,03-09发布
助理研究员 - 经济学,香港中文大学（深圳）,深圳  |  1年经验  |  本科  |  招1人,7-9千/月,03-09发布
运维工程师,深圳市云图数字科技有限公司,深圳  |  2年经验  |  本科  |  招1人,0.8-1.3万/月,03-09发布
测试工程师,深圳世联行集团股份有限公司,深圳-南山区  |  2年经验  |  本科  |  招1人,1-1.5万/月,03-09发布
装备工程师,深圳市西格玛电源科技有限公司,深圳-光明新区  |  2年经验  |  大专  |  招2人,0.8-1万/月,03-09发布
运维自动化开发工程师,深圳市茁壮网络股份有限公司,深圳-罗湖区  |  2年经验  |  本科  |  招2人,1-1.5万/月,03-09发布
数据分析师,深圳市方特斯网络科技有限公司,深圳  |  2年经验  |  本科  |  招1人,0.8-1.3万/月,03-09发布
银行-数据分析（开发、挖掘）,深圳中南人力资源有限公司,深圳-南山区  |  1年经验  |  本科  |  招5人,7-8千/月,03-09发布
ETL&报表开发工程师（金融方向）,苏州银丰睿哲信息科技有限公司,异地招聘  |  2年经验  |  本科  |  招3人,0.6-2万/月,03-09发布
测试工程师,深圳市艾特智能科技有限公司,深圳-南山区  |  2年经验  |  本科  |  招1人,0.8-1.2万/月,03-09发布
测试工程师,深圳市老鹰半导体技术有限公司,异地招聘  |  2年经验  |  本科  |  招若干人,1-1.5万/月,03-09发布
软件系统工程师,中际物联科技（深圳）有限公司,深圳-龙华区  |  2年经验  |  本科  |  招1人,0.6-1万/月,03-09发布
数据分析师,富士康科技集团准时达供应链管理(深圳总部),深圳-龙华区  |  1年经验  |  本科  |  招若干人,1-1.5万/月,03-09发布
硬件产品经理（PM）,深圳市集和诚科技开发有限公司,深圳-南山区  |  2年经验  |  本科  |  招1人,1.1-1.8万/月,03-09发布
数据应用工程师,深圳市云端高科信息科技有限公司,深圳-南山区  |  1年经验  |  本科  |  招1人,0.8-1万/月,03-09发布
ETL开发工程师,深圳市前海云途物流有限公司,深圳-龙岗区  |  2年经验  |  大专  |  招若干人,1.2-1.6万/月,03-09发布
数据分析师（用户方向）,深圳华秋电子有限公司,深圳-福田区  |  2年经验  |  本科  |  招1人,1.3-2万/月,03-09发布
数据分析师,深圳登特口腔门诊部,深圳-福田区  |  1年经验  |  大专  |  招1人,0.7-1.2万/月,03-09发布
测试工程师(paro9L),联合（深圳）医疗咨询有限公司,深圳-福田区  |  2年经验  |  本科  |  招1人,0.8-1.4万/月,03-09发布
审计稽核中心非现场审计岗,富德保险控股股份有限公司,深圳-福田区  |  2年经验  |  本科  |  招2人,0.7-1.2万/月,03-09发布
ATE工程师,深圳市时代速信科技有限公司,深圳  |  1年经验  |  本科  |  招1人,1.2-1.8万/月,03-09发布
软件测试工程师,深圳市瑞图生物技术有限公司,深圳  |  2年经验  |  本科  |  招3人,0.8-1.5万/月,03-09发布
深度学习/计算机视觉工程师,深圳市七彩祥云信息技术有限公司,深圳-龙岗区  |  2年经验  |  大专  |  招2人,1.5-2.5万/月,03-09发布
数字IC设计/验证工程师,深圳市锦锐科技有限公司,深圳-南山区  |  2年经验  |  本科  |  招3人,1.5-3万/月,03-09发布
深度学习算法工程师,深圳市赛为智能股份有限公司,深圳-龙岗区  |  2年经验  |  本科  |  招1人,1.8-2.2万/月,03-09发布
数据分析专员,深圳市明达眼镜有限公司,深圳-宝安区  |  1年经验  |  大专  |  招1人,5-7千/月,03-09发布
前端开发工程师,东莞市勤本电子科技有限公司,深圳-宝安区  |  1年经验  |  本科  |  招若干人,0.8-2万/月,03-09发布
测试工程师（4G模组）,深圳市必联电子有限公司,深圳-光明新区  |  1年经验  |  大专  |  招1人,0.8-1.5万/月,03-09发布
RPA开发顾问,深圳翰智软件有限公司,深圳-南山区  |  2年经验  |  本科  |  招若干人,1-2万/月,03-09发布
AI开发助理,北京华中融合科技有限公司,深圳-南山区  |  1年经验  |  本科  |  招8人,4-8千/月,03-09发布
物联网讲师,深圳前海优职教育控股有限公司,深圳-南山区  |  2年经验  |  本科  |  招2人,0.8-2万/月,03-09发布
运维工程师,亿企赢网络科技有限公司深圳分公司,深圳  |  1年经验  |  大专  |  招10人,0.9-1.4万/月,03-09发布
亚马逊数据分析专员,深圳时易中科技有限公司,深圳-龙华区  |  1年经验  |  本科  |  招1人,6-8千/月,03-09发布
odoo开发工程师,深圳市斯瑞达电子有限公司,深圳-宝安区  |  1年经验  |  大专  |  招1人,1-1.5万/月,03-09发布
网络与信息安全工程师,深圳市佳创业科技有限公司,深圳-龙华区  |  1年经验  |  大专  |  招若干人,6-8千/月,03-09发布
IoT软件开发工程师-web前端(J10410),北京研华兴业电子科技有限公司,深圳-南山区  |  1年经验  |  本科  |  招1人,0.7-1.4万/月,03-09发布
服务器管理员,深圳市康冠科技股份有限公司,深圳  |  2年经验  |  大专  |  招1人,0.8-1.5万/月,03-09发布
AI算法工程师,深圳市医诺智能科技发展有限公司,深圳-南山区  |  2年经验  |  硕士  |  招1人,1.5-3万/月,03-09发布
测试工程师,深圳市一览网络股份有限公司,深圳  |  1年经验  |  本科  |  招1人,0.8-1万/月,03-09发布
数据分析师,鹏鼎控股（深圳）股份有限公司,深圳-宝安区  |  1年经验  |  本科  |  招2人,0.8-1万/月,03-09发布
软件测试工程师,深圳市弘玉信息技术有限公司,深圳-南山区  |  2年经验  |  本科  |  招1人,1-1.5万/月,03-09发布
运动控制算法工程师,盈峰环境科技集团,深圳-南山区  |  1年经验  |  硕士  |  招2人,2-3万/月,03-09发布
软件测试工程师,深圳市英维克信息技术有限公司,深圳  |  1年经验  |  本科  |  招3人,6-8千/月,03-09发布
技术支持工程师/售后工程师,深圳市海凌科电子有限公司,深圳  |  1年经验  |  大专  |  招3人,5-8千/月,03-09发布
自动化测试工程师,深圳市鼎阳科技股份有限公司,深圳  |  1年经验  |  本科  |  招1人,1-2万/月,03-09发布
软件测试工程师,易力声科技（深圳）有限公司,深圳-宝安区  |  1年经验  |  大专  |  招3人,7-9千/月,03-09发布
BIM研发工程师,深圳市方大建科集团有限公司,深圳-南山区  |  1年经验  |  大专  |  招2人,0.8-1.5万/月,03-09发布
深度学习软件应用工程师,厦门微亚智能科技有限公司,异地招聘  |  2年经验  |  本科  |  招若干人,1.5-3万/月,03-09发布
机房运维工程师（会展中心）,招商局物业管理有限公司东莞分公司,深圳-宝安区  |  1年经验  |  大专  |  招3人,7-8千/月,03-09发布
软件测试工程师,亚略特生物识别科技有限公司,深圳-南山区  |  2年经验  |  本科  |  招1人,1-1.5万/月,03-09发布
机器视觉光电工程师,深圳市宇道机电技术有限公司,深圳-宝安区  |  2年经验  |  本科  |  招1人,1.5-3万/月,03-09发布
测数据测试工程师,北京联龙博通电子商务技术有限公司,深圳-南山区  |  2年经验  |  本科  |  招3人,0.9-1.5万/月,03-09发布
人工智能算法工程师,深圳市资福医疗技术有限公司,深圳-南山区  |  2年经验  |  硕士  |  招1人,2.5-4万/月,03-09发布
自然语言处理工程师,深圳市菁优智慧教育股份有限公司,深圳-南山区  |  1年经验  |  硕士  |  招1人,1-3万/月,03-09发布
射频应用工程师,深圳市思达仪表有限公司,深圳-龙岗区  |  2年经验  |  本科  |  招1人,1-2万/月,03-09发布
CFD仿真高级工程师,深圳市卓力能技术股份有限公司,深圳-宝安区  |  2年经验  |  硕士  |  招2人,1.5-5万/月,03-09发布
算法工程师,深圳市铁越电气有限公司,深圳-龙岗区  |  2年经验  |  本科  |  招2人,1.5-2万/月,03-09发布
机器视觉工程师,广东宏远新科自动化技术开发有限公司,异地招聘  |  2年经验  |  硕士  |  招2人,1-1.9万/月,03-09发布
系统运维工程师,深圳丰享信息技术有限公司,深圳-福田区  |  2年经验  |  本科  |  招1人,1-1.8万/月,03-09发布
运维工程师 --智慧网络技术中心,中移物联网有限公司,深圳  |  1年经验  |  本科  |  招若干人,1-1.5万/月,03-09发布
产品经理（销售支持方向）,深圳前海越秀文化有限公司,深圳-福田区  |  1年经验  |  本科  |  招2人,20-30万/年,03-09发布
课程设计,桃李科教（深圳）有限公司,深圳-南山区  |  1年经验  |  大专  |  招5人,1-1.5万/月,03-09发布
测试工程师,深圳市鑫豪瑞电子科技有限公司,深圳-南山区  |  1年经验  |  本科  |  招1人,0.8-1万/月,03-09发布
商品专员（珠宝）,深圳莎贝电子商务有限公司,深圳-罗湖区  |  2年经验  |  大专  |  招1人,7-9千/月,03-09发布
BI报表工程师,深圳市联影医疗数据服务有限公司,深圳-南山区  |  2年经验  |  本科  |  招1人,0.8-1.5万/月,03-09发布
系统运维工程师,南京翼海云峰软件技术有限公司,深圳-龙岗区  |  2年经验  |  本科  |  招6人,0.9-1.5万/月,03-08发布
数据运营师/上市公司,瑞庭网络技术（上海）有限公司深圳分公司,深圳-罗湖区  |  1年经验  |  本科  |  招1人,0.8-1.3万/月,03-08发布
辅助工程师,东莞立华海威网联科技有限公司,深圳-龙岗区  |  2年经验  |  本科  |  招2人,0.8-1万/月,03-08发布
高级软件测试工程师,深圳市立创电子商务有限公司,深圳-福田区  |  2年经验  |  大专  |  招1人,1.2-2万/月,03-08发布
市场研究（战略方向）,深圳盈富斯科技有限公司,深圳  |  1年经验  |  本科  |  招1人,1.3-2万/月,03-08发布
量化研究员,深圳润城投资管理有限公司,深圳-罗湖区  |  1年经验  |  本科  |  招1人,1-3万/月,03-08发布
数据分析师,广东省宏博伟智技术有限公司,深圳-龙岗区  |  2年经验  |  本科  |  招1人,1-1.5万/月,03-08发布
稳定性（自动化）测试工程师,易诚博睿（深圳）科技有限公司,深圳-宝安区  |  2年经验  |  大专  |  招若干人,0.7-1万/月,03-08发布
数据分析师,深圳市思维莱科技有限公司,深圳-龙岗区  |  2年经验  |  大专  |  招1人,0.7-1万/月,03-08发布
AI算法工程师,深圳中科图灵科技有限公司,深圳-南山区  |  2年经验  |  硕士  |  招5人,1.5-4万/月,03-08发布
调度算法工程师,深圳市镭神智能系统有限公司,深圳-宝安区  |  1年经验  |  本科  |  招3人,1-2万/月,03-08发布
数据分析师,深圳市仙迪化妆品股份有限公司,深圳-宝安区  |  2年经验  |  大专  |  招1人,1-1.5万/月,03-08发布
算法工程师,深圳市明泰智能技术有限公司,深圳-南山区  |  1年经验  |  本科  |  招1人,1-2万/月,03-08发布
数据分析主管,深圳市小思科技有限公司,深圳-龙岗区  |  2年经验  |  本科  |  招1人,0.8-1万/月,03-08发布
系统分析员,深圳市思科泰技术股份有限公司,深圳-南山区  |  2年经验  |  本科  |  招2人,1.5-2.5万/月,03-08发布
云交付工程师,北京金道天成信息系统服务有限公司,深圳-龙华区  |  2年经验  |  大专  |  招4人,1-1.6万/月,03-08发布
业务分析师,深圳歌力思服饰股份有限公司,深圳-福田区  |  1年经验  |  本科  |  招若干人,0.8-2万/月,03-08发布
数据分析师,深圳骅富金融服务有限公司,深圳-宝安区  |  1年经验  |  招1人,0.6-1万/月,03-08发布
信息技术老师,上海优必杰教育科技有限公司,深圳-罗湖区  |  2年经验  |  大专  |  招2人,4.5-8千/月,03-08发布
风险政策分析师,深圳市创盈信息科技服务有限公司,深圳-罗湖区  |  1年经验  |  本科  |  招1人,1.2-2.2万/月,03-08发布
Web前端开发工程师,研祥高科技控股集团有限公司,深圳-光明新区  |  2年经验  |  本科  |  招1人,0.9-1.5万/月,03-08发布
生物信息工程师,深圳可思美科技有限公司,深圳-南山区  |  2年经验  |  硕士  |  招1人,1.2-2.4万/月,03-08发布
图像算法工程师,紫为云（北京）智能科技有限公司,异地招聘  |  2年经验  |  本科  |  招5人,1.5-3万/月,03-08发布
产品软件测试工程师,深圳市豪恩声学股份有限公司,深圳  |  2年经验  |  大专  |  招6人,0.8-1.2万/月,03-08发布
云系统维护工程师,深圳臻云技术股份有限公司,深圳-南山区  |  2年经验  |  本科  |  招1人,0.9-1.2万/月,03-08发布
生物信息分析工程师,深圳市艾斯基因科技有限公司,深圳-龙岗区  |  1年经验  |  本科  |  招若干人,0.8-1.5万/月,03-08发布
AI工程师,深圳劲鑫科技有限公司,深圳-宝安区  |  1年经验  |  本科  |  招1人,0.8-1.5万/月,03-08发布
助理研究员,舒糖讯息科技（深圳）有限公司,深圳  |  2年经验  |  本科  |  招2人,1-1.5万/月,03-08发布
信息系统工程师(J10301),先健科技（深圳）有限公司,深圳-南山区  |  2年经验  |  本科  |  招1人,1-1.5万/月,03-08发布
系统实施工程师,广西仙茱中药科技有限公司,异地招聘  |  2年经验  |  大专  |  招1人,0.7-1万/月,03-08发布
决策规划算法工程师 (MJ000138),坎德拉（深圳）科技创新有限公司,深圳-南山区  |  2年经验  |  硕士  |  招1人,2-3.5万/月,03-08发布
财务分析师,深圳市四海芯舟科技有限公司,深圳-龙岗区  |  2年经验  |  大专  |  招1人,0.8-1.2万/月,03-08发布
软件测试工程师,深圳市速易宝智能科技有限公司,深圳-南山区  |  2年经验  |  本科  |  招5人,0.6-1.2万/月,03-08发布
技术服务工程师（软件）-深圳,上海艾为电子技术股份有限公司,深圳-福田区  |  2年经验  |  本科  |  招5人,,03-08发布
数据开发级工程师,创金合信基金管理有限公司,深圳-福田区  |  2年经验  |  本科  |  招1人,2-5万/月,03-08发布
海外技术支持工程师,深圳优艾智合机器人科技有限公司,深圳-福田区  |  1年经验  |  本科  |  招1人,1-1.5万/月,03-08发布
数据分析师,深圳智汇创想科技有限责任公司,深圳-龙岗区  |  2年经验  |  本科  |  招1人,1-1.5万/月,03-08发布
量化投资经理助理,深圳市安保科技有限公司,深圳-南山区  |  1年经验  |  硕士  |  招若干人,0.8-2万/月,03-08发布
算法工程师,深圳市昇利扬科技有限公司,深圳  |  2年经验  |  本科  |  招5人,1.5-2.5万/月,03-08发布
测试工程师,深圳市兴宝月禧健康管理有限公司,深圳-福田区  |  1年经验  |  本科  |  招2人,1-1.5万/月,03-08发布
软件测试工程师,深圳市华奥通通信技术有限公司,深圳-南山区  |  2年经验  |  本科  |  招2人,0.8-1.5万/月,03-08发布
数据分析师/数据挖掘工程师,深圳巨湾科技有限公司,深圳-南山区  |  1年经验  |  大专  |  招1人,0.7-1万/月,03-08发布
运维工程师,深圳奥萨医药有限公司,深圳-南山区  |  2年经验  |  大专  |  招1人,1-1.5万/月,03-08发布
DevOps Engineer,丹尼尔惠灵顿贸易（深圳）有限公司,深圳-南山区  |  2年经验  |  本科  |  招1人,1-1.5万/月,03-08发布
数据测试（数据迁移）,北京捷科智诚科技有限公司,深圳-福田区  |  2年经验  |  大专  |  招3人,1-1.5万/月,03-08发布
乐高老师（牛人带队）,深圳童程童美教育有限公司,深圳-福田区  |  1年经验  |  本科  |  招2人,0.8-1.2万/月,03-08发布
CDN内容分发维护工程师,深圳市易思博酷客科技有限公司,深圳-南山区  |  2年经验  |  本科  |  招5人,0.9-1.8万/月,03-08发布
数据分析师/数据专员,领英跨境电商有限公司,深圳-南山区  |  2年经验  |  本科  |  招若干人,0.7-1.2万/月,03-08发布
初/中级数据库工程师（DBA）,广东盛迪嘉集团有限公司,深圳-南山区  |  2年经验  |  本科  |  招1人,1.5-3万/月,03-08发布
人力资源运营专员,深圳深蓝保科技有限公司,深圳-南山区  |  1年经验  |  本科  |  招1人,0.6-1万/月,03-08发布
数据分析师,深圳市汇脉通科技有限公司,深圳-福田区  |  2年经验  |  本科  |  招1人,1.5-2万/月,03-08发布
系统运维工程师,深圳市东恒尚科信息技术有限公司,深圳-南山区  |  1年经验  |  大专  |  招5人,0.8-1万/月,03-08发布
数据分析师,深圳市腾拓科技有限公司,深圳-宝安区  |  2年经验  |  大专  |  招若干人,1-1.5万/月,03-08发布
测试,深圳市兆能讯通科技有限公司,深圳  |  2年经验  |  大专  |  招若干人,0.7-1万/月,03-08发布
亚马逊技术推广专员,深圳新富邑科技有限公司,深圳-龙岗区  |  1年经验  |  大专  |  招1人,0.8-1.5万/月,03-08发布
运维工程师,银雁科技服务集团股份有限公司,深圳-福田区  |  1年经验  |  本科  |  招1人,0.8-1.2万/月,03-08发布
初级/中级算法工程师,深圳九章数据科技有限公司,深圳-南山区  |  1年经验  |  本科  |  招5人,1-1.5万/月,03-08发布
软件测试工程师,深圳汇能新能源科技有限公司,深圳-南山区  |  2年经验  |  本科  |  招1人,0.6-1万/月,03-08发布
Web开发工程师,达科为（深圳）医疗设备有限公司,深圳-坪山区  |  1年经验  |  本科  |  招若干人,0.8-1.5万/月,03-08发布
鉴定工程师（电子数据）,广东安证计算机司法鉴定所,深圳-南山区  |  1年经验  |  本科  |  招2人,6-8千/月,03-08发布
初级DFT工程师,深圳杰微芯片科技有限公司,异地招聘  |  1年经验  |  本科  |  招6人,1.5-3.2万/月,03-08发布
生物信息工程师,深圳达普生物科技有限公司,深圳-宝安区  |  2年经验  |  硕士  |  招2人,1-2万/月,03-08发布
AI算法研发工程师,深圳市博海粤能科技开发有限公司,深圳-南山区  |  2年经验  |  硕士  |  招2人,1.2-2.5万/月,03-08发布
运维工程师(鼎讯智城）,鼎铉商用密码测评技术（深圳）有限公司,深圳-坪山区  |  1年经验  |  本科  |  招3人,0.8-1.5万/月,03-08发布
数据分析（跨境电商）,深圳市微八进出口有限公司,深圳-龙岗区  |  1年经验  |  大专  |  招1人,0.8-1.5万/月,03-08发布
算法工程师,深圳市舟海科技有限公司,深圳-宝安区  |  2年经验  |  硕士  |  招5人,2-3万/月,03-08发布
测试工程师,广州赛意信息科技股份有限公司,深圳-龙华区  |  2年经验  |  本科  |  招1人,0.8-1.2万/月,03-08发布
系统运维工程师,深圳市绿牛科技开发有限责任公司,深圳-南山区  |  2年经验  |  大专  |  招3人,0.8-1.5万/月,03-08发布
DevOps工程师,集思软件开发（深圳）有限公司,深圳-福田区  |  2年经验  |  本科  |  招1人,0.8-1万/月,03-08发布
语音识别高级研发工程师（上海 深圳）,武汉力源信息技术股份有限公司,深圳-宝安区  |  1年经验  |  硕士  |  招若干人,2.5-4万/月,03-08发布
BI/数据库开发,广州碧软信息科技有限公司,深圳  |  2年经验  |  大专  |  招若干人,1-1.5万/月,03-08发布
自动化工程师,深圳市刷新智能电子有限公司,深圳-福田区  |  2年经验  |  本科  |  招2人,1-1.5万/月,03-08发布
AI 算法工程师（图像识别方向）,深圳市粤能环保科技有限公司,深圳-龙岗区  |  2年经验  |  硕士  |  招1人,20-30万/年,03-08发布
前端开发工程师,有利华建筑预制件（深圳）有限公司,深圳-福田区  |  2年经验  |  大专  |  招2人,0.8-1.5万/月,03-08发布
软件测试工程师,深圳艾融科技有限公司,深圳-罗湖区  |  2年经验  |  本科  |  招5人,1-1.5万/月,03-08发布
ETL开发工程师,深圳市一帆珠宝云商有限公司,深圳-罗湖区  |  2年经验  |  本科  |  招1人,6-8千/月,03-08发布
技术支持 (MJ000414),深圳市和讯华谷信息技术有限公司,深圳-南山区  |  1年经验  |  本科  |  招1人,1-2万/月,03-08发布
投资支持岗（量化及数据分析）,招商财富资产管理有限公司,深圳-福田区  |  1年经验  |  本科  |  招2人,0.8-1万/月,03-08发布
实施运维工程师,深圳市宝德计算机系统有限公司,深圳-龙华区  |  1年经验  |  本科  |  招2人,0.6-1万/月,03-08发布
算法工程师,深圳诺康医疗科技股份有限公司,深圳  |  2年经验  |  硕士  |  招1人,1-3万/月,03-08发布
无线通讯算法工程师,大摩智讯科技（宁波）有限责任公司,异地招聘  |  2年经验  |  硕士  |  招2人,1-2.5万/月,03-08发布
算法总监,深圳市都市交通规划设计研究院有限公司,深圳-南山区  |  1年经验  |  本科  |  招1人,3-5万/月,03-08发布
系统测试工程师,深圳荣兴饰品有限公司,深圳  |  2年经验  |  大专  |  招若干人,1-1.2万/月,03-08发布
中级测试工程师,前海金信（深圳）科技有限责任公司,深圳-罗湖区  |  2年经验  |  大专  |  招2人,0.8-1.2万/月,03-08发布
量化投资（FOF研究员）,深圳市前海九派资本管理合伙企业（有限合伙）,深圳  |  2年经验  |  本科  |  招1人,1-1.5万/月,03-08发布
数据分析师/D轮/准上市公司,小熊U租,深圳-福田区  |  2年经验  |  本科  |  招1人,1-1.5万/月,03-08发布
市场研究分析师,深圳世联君汇不动产运营管理股份有限公司,深圳-南山区  |  1年经验  |  硕士  |  招1人,0.8-1万/月,03-08发布
数据分析师,深圳市三希软件科技有限公司,深圳-福田区  |  2年经验  |  本科  |  招5人,0.6-1.5万/月,03-08发布
云平台运维工程师,赛尔网络有限公司深圳分公司,深圳-龙岗区  |  1年经验  |  大专  |  招1人,8-9千/月,03-08发布
运维工程师,深圳市奋达科技股份有限公司,深圳  |  2年经验  |  本科  |  招2人,0.7-1.2万/月,03-08发布
计算机视觉算法工程师,深圳市名家汇科技股份有限公司,深圳  |  2年经验  |  本科  |  招若干人,1.5-2.2万/月,03-08发布
测试工程师,明源软件,深圳-南山区  |  2年经验  |  本科  |  招若干人,1.3-2万/月,03-08发布
算法工程师,深圳市百年智教育科技有限公司,深圳-福田区  |  2年经验  |  本科  |  招1人,1.5-2万/月,03-08发布
数据分析师,深圳市新财富多媒体经营有限公司,深圳-福田区  |  2年经验  |  本科  |  招1人,2-2.5万/月,03-08发布
反欺诈策略分析师,绿信集团,深圳-福田区  |  2年经验  |  本科  |  招若干人,1.2-1.8万/月,03-08发布
数据工程师/BI工程师,深圳市易思酷尔科技有限公司,深圳-龙华区  |  2年经验  |  本科  |  招1人,0.8-1.5万/月,03-08发布
生物信息分析,深圳核子华曦医学检验实验室,深圳-南山区  |  2年经验  |  本科  |  招1人,1.2-1.5万/月,03-08发布
电力建模与算法设计工程师,清科优能（深圳）技术有限公司,深圳-南山区  |  1年经验  |  硕士  |  招1人,1-2万/月,03-08发布
销售代表,深圳市领盛信息技术有限公司,深圳-龙岗区  |  1年经验  |  大专  |  招若干人,0.8-1.2万/月,03-08发布
测试开发,赫名迪科技（深圳）有限公司,深圳-南山区  |  2年经验  |  本科  |  招1人,1-1.5万/月,03-08发布
FAE工程师,深圳市金泰克半导体有限公司,深圳-坪山区  |  1年经验  |  硕士  |  招2人,2-2.5万/月,03-08发布
软件工程师,深圳市冠准科技有限公司,深圳  |  2年经验  |  本科  |  招3人,0.8-2万/月,03-08发布
系统工程师,深圳市欣易辰信息科技有限公司,深圳-南山区  |  2年经验  |  大专  |  招1人,1-2万/月,03-08发布
算法工程师,深圳天游网络科技有限公司,深圳-福田区  |  2年经验  |  硕士  |  招1人,1.5-3万/月,03-08发布
自动化测试,汕尾市铁人信息技术有限公司,异地招聘  |  2年经验  |  本科  |  招3人,1-1.3万/月,03-08发布
初级云运维工程师,东软云科技有限公司,深圳-南山区  |  2年经验  |  大专  |  招1人,0.8-1万/月,03-08发布
NLP算法工程师,青牛智胜（深圳）科技有限公司,深圳-南山区  |  2年经验  |  本科  |  招1人,1.5-3万/月,03-08发布
移动APP开发工程师,深圳市金奥博科技股份有限公司,深圳-南山区  |  1年经验  |  本科  |  招1人,0.8-1.5万/月,03-08发布
结算专员-应收,麦佳跨境物流科技（深圳）有限公司,深圳-龙岗区  |  2年经验  |  大专  |  招若干人,6-9千/月,03-08发布
运维工程师,深圳市亚辉龙生物科技股份有限公司,深圳-龙岗区  |  2年经验  |  本科  |  招若干人,1.5-2万/月,03-08发布
测试工程师-深圳,中电福富信息科技有限公司,深圳  |  2年经验  |  本科  |  招若干人,1-1.5万/月,03-08发布
Linux运维工程师(深圳）,广州市灵通新技术有限公司,深圳  |  2年经验  |  大专  |  招1人,8-10万/年,03-08发布
IT运维工程师,天马精密注塑（深圳）有限公司,深圳-龙华区  |  2年经验  |  大专  |  招1人,6-8千/月,03-08发布
渗透测试工程师,大连金慧融智科技股份有限公司,深圳-福田区  |  2年经验  |  大专  |  招若干人,1.3-1.5万/月,03-08发布
测试工程师,深圳市亚启科技有限公司,深圳-龙岗区  |  2年经验  |  大专  |  招3人,0.5-1万/月,03-08发布
测试工程师,深圳市威视达康科技有限公司,深圳-南山区  |  2年经验  |  大专  |  招1人,1-1.5万/月,03-08发布
功能测试,深圳弘广商科技有限公司,深圳  |  2年经验  |  大专  |  招10人,2-3.5万/月,03-08发布
计算机视觉开发工程师,深圳市天彦通信股份有限公司,深圳-南山区  |  1年经验  |  本科  |  招2人,1.5-2.5万/月,03-08发布
量化研究员,深圳本地资本管理有限公司,深圳-龙岗区  |  1年经验  |  硕士  |  招1人,30-40万/年,03-08发布
数据挖掘工程师,明阳智慧能源集团股份公司,深圳-南山区  |  2年经验  |  本科  |  招2人,1-2万/月,03-08发布
网络规划高级专员,深圳市丰巢网络技术有限公司,深圳-南山区  |  1年经验  |  本科  |  招1人,2.4-3.5万/月,03-08发布
少儿编程老师,深圳市编享教育科技有限公司,深圳-龙华区  |  1年经验  |  本科  |  招6人,0.8-1万/月,03-08发布
车载网关产品经理,锦图计算技术（深圳）有限公司,深圳  |  2年经验  |  本科  |  招1人,2-2.5万/月,03-08发布
医学图像算法工程师,深圳睿心智能医疗科技有限公司,深圳-南山区  |  2年经验  |  硕士  |  招2人,2-4万/月,03-07发布
后台系统开发工程师,盈峰资本管理有限公司,深圳-福田区  |  2年经验  |  本科  |  招1人,20-30万/年,03-07发布
导航算法工程师,千巡科技（深圳）有限公司,深圳-宝安区  |  1年经验  |  本科  |  招1人,1.2-2.5万/月,03-07发布
算法开发工程师,深圳市柏为信息技术有限公司,深圳-福田区  |  2年经验  |  本科  |  招1人,1.2-1.8万/月,03-07发布
数据分析主管工程师,宝能汽车销售有限公司,深圳-龙华区  |  2年经验  |  本科  |  招1人,1-1.5万/月,03-07发布
变电自动化信息安全工程师,越亮传奇科技股份有限公司,深圳-福田区  |  2年经验  |  大专  |  招3人,1-1.5万/月,03-07发布
编程老师,深圳市原子同学书诚教育科技有限公司,深圳-龙岗区  |  2年经验  |  本科  |  招1人,1-1.5万/月,03-07发布
测试工程师（云计算/容器方向/深圳）(J12260),北京天融信科技有限公司,深圳-南山区  |  1年经验  |  本科  |  招1人,1-1.5万/月,03-07发布
初级数据分析员,深圳市中投顾问股份有限公司,深圳-福田区  |  1年经验  |  本科  |  招若干人,6-8万/年,03-07发布
图像算法工程师,深圳阿斯克医疗有限公司,深圳-龙岗区  |  2年经验  |  硕士  |  招2人,1.5-2万/月,03-09发布
算法工程师,深圳市岩尚科技有限公司,深圳-南山区  |  2年经验  |  本科  |  招4人,1-2万/月,03-07发布
数据分析师,深圳前海思空文化传播有限公司,深圳-宝安区  |  1年经验  |  本科  |  招1人,0.8-1万/月,03-07发布
视觉神经网络算法工程师,深圳市睿联技术股份有限公司,深圳  |  1年经验  |  硕士  |  招2人,1.5-2.5万/月,03-07发布
产品测试工程师,绿诺能源科技（深圳）有限公司,深圳-福田区  |  2年经验  |  本科  |  招若干人,0.8-1万/月,03-06发布
电子产品测试工程师(TE）,富泰华工业（深圳）有限公司,深圳  |  1年经验  |  本科  |  招5人,6-8千/月,03-06发布
SYY304-图像识别工程师,长园深瑞继保自动化有限公司,深圳  |  2年经验  |  本科  |  招2人,1.5-2.5万/月,03-06发布
蓝牙耳机测试工程师,深圳市美恩微电子有限公司,深圳-龙华区  |  2年经验  |  大专  |  招2人,0.8-1.2万/月,03-06发布
工程师,深圳湾实验室,深圳-光明新区  |  1年经验  |  本科  |  招1人,1-1.5万/月,03-06发布
机械研发工程师,深圳吉兰丁智能科技有限公司,深圳  |  2年经验  |  本科  |  招1人,0.6-2万/月,03-06发布
音频蓝牙软件工程师,深圳市安特信技术有限公司,深圳-宝安区  |  2年经验  |  本科  |  招若干人,0.8-1.5万/月,03-06发布
生物信息分析工程师,深圳市坤健创新药物研究院,深圳-龙华区  |  1年经验  |  本科  |  招5人,0.5-1万/月,03-06发布
IC验证工程师,深圳市爱协生科技有限公司,深圳-宝安区  |  2年经验  |  本科  |  招1人,1.5-3万/月,03-06发布
海外技术工程师,深圳市恒扬数据股份有限公司,深圳-南山区  |  2年经验  |  本科  |  招1人,1.5-2万/月,03-06发布
推荐算法工程师,深圳鲲鹏云智科技有限公司,深圳-宝安区  |  2年经验  |  硕士  |  招1人,2-4万/月,03-06发布
现场工程师,深圳市比一比网络科技有限公司,深圳-南山区  |  2年经验  |  大专  |  招若干人,1-1.5万/月,03-06发布
图像算法工程师,深圳市灰度科技有限公司,深圳  |  2年经验  |  本科  |  招1人,2-2.5万/月,03-06发布
FAE工程师,深圳史河机器人科技有限公司,深圳-龙华区  |  1年经验  |  本科  |  招2人,0.8-1.5万/月,03-06发布
数据分析师,深圳市天创进科技有限公司,深圳-南山区  |  1年经验  |  本科  |  招1人,0.8-1.8万/月,03-06发布
数据分析师,深圳市前海手绘科技文化有限公司,深圳-南山区  |  1年经验  |  本科  |  招1人,0.8-1.5万/月,03-06发布
05411Q-固收交易员（策略交易方向）,平安证券股份有限公司,深圳-福田区  |  1年经验  |  硕士  |  招1人,1.5-2万/月,03-06发布
算法工程师,深圳市佳运通电子有限公司,深圳  |  2年经验  |  本科  |  招3人,1.5-2.5万/月,03-06发布
智能产品线总监,百胜（深圳）医疗设备有限公司,深圳-南山区  |  1年经验  |  博士  |  招若干人,2-6万/月,03-06发布
总裁办-高级商务数据分析师,泊恩（广州）医疗管理服务有限公司,深圳-罗湖区  |  2年经验  |  招1人,2-2.5万/月,03-06发布
软件工程师,珠海汉迪自动化设备有限公司,异地招聘  |  1年经验  |  大专  |  招1人,0.5-1.2万/月,03-06发布
自动化测试工程师,赞同科技股份有限公司,深圳-福田区  |  2年经验  |  本科  |  招2人,0.9-1.4万/月,03-06发布
软件测试工程师,深圳市元道通信技术有限公司,深圳-宝安区  |  1年经验  |  大专  |  招1人,5-8千/月,03-06发布
测试工程师,深圳市智城时代科技有限公司,深圳-南山区  |  1年经验  |  本科  |  招2人,0.6-1.2万/月,03-06发布
亚马逊数据分析师,深圳市益镓华科技有限公司,深圳-福田区  |  1年经验  |  大专  |  招2人,1-1.5万/月,03-06发布
数据开发工程师,上海砾阳软件有限公司,深圳-福田区  |  1年经验  |  本科  |  招20人,0.8-1.3万/月,03-06发布
量化研究员（CTA或股票方向）,中安鼎盛投资（深圳）有限公司,深圳-南山区  |  1年经验  |  本科  |  招若干人,24-50万/年,03-05发布
BI报表开发工程师,深圳斯达领科网络科技有限公司,深圳-龙岗区  |  2年经验  |  本科  |  招6人,1.2-2.4万/月,03-05发布
高级心电算法工程师,杭州德晋医疗科技有限公司,深圳-南山区  |  2年经验  |  本科  |  招1人,2-2.5万/月,03-05发布
数据分析师,华普特科技（深圳）股份有限公司,深圳-宝安区  |  1年经验  |  大专  |  招1人,1.5-2.5万/月,03-05发布
渗透测试工程师(J10352),深圳昂楷科技有限公司,深圳-南山区  |  2年经验  |  大专  |  招2人,1-1.5万/月,03-05发布
运维工程师,深圳市富韬供应链管理有限公司,深圳-南山区  |  2年经验  |  大专  |  招1人,1-1.5万/月,03-05发布
软件测试工程师,深圳极联信息技术股份有限公司,深圳  |  2年经验  |  本科  |  招若干人,0.8-1万/月,03-05发布
PIE工程师,尼尔林技术咨询（深圳）有限公司,深圳-福田区  |  2年经验  |  大专  |  招3人,1-1.5万/月,03-05发布
软件测试工程师,合肥嘉源锐信软件有限公司,异地招聘  |  2年经验  |  本科  |  招3人,0.6-1.2万/月,03-05发布
数据分析专员（电商）,深圳市宝睿思科技有限公司,深圳-宝安区  |  1年经验  |  大专  |  招2人,0.8-1万/月,03-05发布
信息安全工程师,深圳市珍爱网信息技术有限公司,深圳-南山区  |  2年经验  |  大专  |  招1人,1.5-2万/月,03-05发布
服务器运维工程师,深圳麦克维尔空调有限公司,深圳-龙岗区  |  2年经验  |  本科  |  招1人,1-1.8万/月,03-05发布
运营数据分析,深圳市富龙小额贷款有限公司,深圳-龙华区  |  1年经验  |  本科  |  招1人,1-1.6万/月,03-05发布
安全运维工程师,深圳市建筑科学研究院股份有限公司,深圳  |  2年经验  |  本科  |  招若干人,0.8-1.2万/月,03-05发布
算法工程师,深圳市飞耶软件有限公司,深圳-南山区  |  2年经验  |  本科  |  招1人,1.5-2万/月,03-05发布
数据运营专员,深圳市墨者安全科技有限公司,深圳-南山区  |  2年经验  |  大专  |  招2人,0.8-1万/月,03-05发布
Design Verification Test Engineer,朗美通通讯技术（深圳）有限公司,深圳-南山区  |  1年经验  |  本科  |  招1人,0.8-1万/月,03-05发布
图像处理工程师（微波传感研发中心）,深圳航天科技创新研究院,深圳  |  2年经验  |  本科  |  招1人,2-4万/月,03-05发布
感知算法（传感器方向）,云鲸智能科技（东莞）有限公司,深圳-南山区  |  1年经验  |  本科  |  招2人,1.5-2.5万/月,03-05发布
高级产品经理,深圳希施玛数据科技有限公司,深圳-南山区  |  1年经验  |  博士  |  招1人,2.5-3.5万/月,03-05发布
网络工程师,广州市讯方信息科技有限公司,深圳  |  1年经验  |  大专  |  招5人,0.6-1.5万/月,03-05发布
数据分析岗（风险管理部）,深圳南山宝生村镇银行股份有限公司,深圳  |  2年经验  |  本科  |  招1人,10-20万/年,03-05发布
Docker容器工程师,深圳市蓝德信诺科技有限公司,深圳-福田区  |  1年经验  |  大专  |  招2人,1-2万/月,03-05发布
算法工程师,西人马（深圳）科技有限公司,深圳-南山区  |  2年经验  |  硕士  |  招3人,1.5-2.5万/月,03-05发布
Linux运维工程师,深圳市智策科技有限公司,深圳-南山区  |  1年经验  |  本科  |  招3人,0.8-1.3万/月,03-05发布
图像算法工程师,深圳德技创新实业有限公司,深圳-南山区  |  2年经验  |  大专  |  招2人,1.5-2.5万/月,03-05发布
测试工程师,深圳洪堡科技有限公司,深圳-南山区  |  2年经验  |  大专  |  招1人,0.8-1.2万/月,03-05发布
系统运维工程师（云计算）,深圳市瑞云科技有限公司,深圳-南山区  |  2年经验  |  大专  |  招2人,0.8-1.2万/月,03-05发布
AI算法应用支持工程师,深圳市芯智科技有限公司,深圳  |  2年经验  |  本科  |  招若干人,1.2-2.4万/月,03-05发布
感知融合工程师,三斧科技（北京）有限公司,异地招聘  |  1年经验  |  本科  |  招2人,2.5-4万/月,03-05发布
运维工程师,深圳市爱夫卡科技股份有限公司,深圳  |  2年经验  |  大专  |  招1人,7-9千/月,03-05发布
节能服务工程师,深圳市中电电力技术股份有限公司,深圳-福田区  |  2年经验  |  本科  |  招3人,0.8-1.3万/月,03-05发布
无人机软件开发工程师,深圳市中芯教育科技有限公司,深圳-南山区  |  1年经验  |  本科  |  招1人,0.8-1万/月,03-05发布
Power BI数据产品经理,深圳悦策科技有限公司,深圳  |  2年经验  |  本科  |  招若干人,0.7-1.2万/月,03-05发布
TWS耳机测试工程师,深圳市亚昱科技有限公司,深圳-宝安区  |  1年经验  |  大专  |  招2人,0.6-1.5万/月,03-05发布
软件测试工程师,深圳市数智海洋科技有限公司,深圳-龙岗区  |  1年经验  |  大专  |  招3人,0.7-1.5万/月,03-04发布
数字IC验证工程师,深圳市盈和致远科技有限公司,深圳-南山区  |  2年经验  |  本科  |  招2人,1.8-4万/月,03-04发布
软件测试—有英语要求,信必优(深圳)信息技术有限公司,深圳-南山区  |  2年经验  |  大专  |  招1人,0.8-1万/月,03-04发布
控制算法测试工程师,深圳市科曼医疗设备有限公司,深圳-光明新区  |  2年经验  |  本科  |  招2人,0.8-1.2万/月,03-04发布
安全服务专家,华青融天（北京）软件股份有限公司深圳分公司,深圳-南山区  |  2年经验  |  本科  |  招1人,1.4-2万/月,03-04发布
应用运维工程师,顺丰航空有限公司,深圳-宝安区  |  2年经验  |  本科  |  招1人,1-2万/月,03-04发布
图像算法工程师,深圳市华尊科技股份有限公司,深圳-南山区  |  1年经验  |  硕士  |  招2人,1.5-2.5万/月,03-04发布
初级生物信息工程师,深圳裕策生物科技有限公司,深圳-盐田区  |  1年经验  |  本科  |  招1人,0.8-1.5万/月,03-04发布
现场应用工程师,苏州市精创测控技术有限公司,深圳  |  2年经验  |  大专  |  招5人,1-1.5万/月,03-04发布
软件测试工程师,深圳市青葡萄科技有限公司,深圳  |  1年经验  |  本科  |  招1人,0.8-1.1万/月,03-04发布
steam教育机器人教学主管,蓝疆创新（深圳）科技有限公司,深圳-南山区  |  1年经验  |  大专  |  招1人,0.8-1.2万/月,03-04发布
算法工程师（异构计算）,深圳致星科技有限公司,深圳-南山区  |  1年经验  |  硕士  |  招1人,1.7-2.6万/月,03-04发布
UE4引擎师,深圳市视闻泓韵文化传播有限公司,深圳-福田区  |  2年经验  |  大专  |  招若干人,1.2-2万/月,03-04发布
Linux运维工程师,联想云领（成都）科技有限公司,异地招聘  |  1年经验  |  本科  |  招10人,1-1.5万/月,03-04发布
ETL工程师,深圳市拓安信计控仪表有限公司,深圳-南山区  |  2年经验  |  本科  |  招2人,1.2-2万/月,03-04发布
AI算法工程师(CV方向),北京未来便利技术有限公司,深圳-南山区  |  2年经验  |  本科  |  招2人,2-2.5万/月,03-04发布
风控建模师,深圳宇创时代科技有限公司,深圳-南山区  |  1年经验  |  本科  |  招1人,1.7-2.3万/月,03-04发布
软件研发测试工程师,深圳市儒科电子有限公司,深圳  |  2年经验  |  本科  |  招若干人,1-2万/月,03-04发布
数字后端设计工程师,深圳智微电子科技有限公司,深圳-南山区  |  2年经验  |  本科  |  招5人,1.5-3万/月,03-04发布
计算机视觉工程师,深圳市斯普莱特激光科技有限公司,深圳-龙华区  |  2年经验  |  大专  |  招1人,1-1.5万/月,03-04发布
混合式移动前端开发,深圳市宸臻科技有限公司,深圳  |  2年经验  |  本科  |  招1人,2-2.7万/月,03-04发布
机器学习算法工程师,蘑菇物联技术（深圳）有限公司,深圳-龙华区  |  2年经验  |  硕士  |  招1人,3-4万/月,03-04发布
测试开发工程师,合肥杰发科技有限公司深圳分公司,深圳-南山区  |  1年经验  |  本科  |  招2人,1.3-2万/月,03-03发布
应用工程师（FAE）,深圳市中承科技有限公司,深圳-南山区  |  1年经验  |  大专  |  招2人,0.5-1万/月,03-03发布
数据分析师,周大福珠宝金行（深圳）有限公司,深圳-盐田区  |  2年经验  |  本科  |  招2人,1.3-1.8万/月,03-03发布
算法工程师,深圳前海联动云汽车租赁有限公司,深圳-龙华区  |  2年经验  |  硕士  |  招1人,1.5-2万/月,03-03发布
双足步态算法工程师,乐聚（深圳）机器人技术有限公司,深圳-南山区  |  2年经验  |  大专  |  招1人,1.2-2.2万/月,03-03发布
数据分析师,深圳市理然化妆品有限公司,深圳-福田区  |  2年经验  |  本科  |  招1人,1.2-1.8万/月,03-03发布
安全渗透运维工程师,广东有为信息科技有限公司,深圳-南山区  |  2年经验  |  本科  |  招1人,1-1.5万/月,03-03发布
人工智能应用工程师,深圳华侨城文化旅游科技集团有限公司,深圳-南山区  |  2年经验  |  本科  |  招2人,1.5-2.5万/月,03-03发布
软件测试工程师,深圳市伊尚智能运动有限公司,深圳  |  2年经验  |  大专  |  招2人,0.8-1万/月,03-03发布
测试工程师,深圳市金证前海金融科技有限公司,深圳-南山区  |  2年经验  |  本科  |  招4人,1-2.5万/月,03-03发布
运维工程师（工程技术处）,深圳市大数据研究院,深圳-龙岗区  |  2年经验  |  本科  |  招2人,1-1.5万/月,03-03发布
web测试工程师,深圳市尚游网络科技有限公司,深圳-南山区  |  1年经验  |  本科  |  招若干人,0.8-1.1万/月,03-02发布
软件实施工程师（深圳）,上海华讯网络系统有限公司,深圳-南山区  |  1年经验  |  本科  |  招若干人,1-1.5万/月,03-02发布
数据分析师,深圳市寻麟文化娱乐有限公司,深圳-宝安区  |  2年经验  |  本科  |  招若干人,0.9-1.2万/月,03-02发布
Amazon运营支持专员,深圳万拓科技创新有限公司,深圳-南山区  |  2年经验  |  本科  |  招1人,0.8-1万/月,03-02发布
数据运营专员,新东方国际教育培训事业部,深圳-南山区  |  2年经验  |  本科  |  招1人,0.8-1.2万/月,03-02发布
Java前端开发工程师,国信期货有限责任公司,深圳-罗湖区  |  2年经验  |  本科  |  招2人,1-1.5万/月,03-02发布
自动化软件测试工程师,万魔声学股份有限公司,深圳-南山区  |  2年经验  |  大专  |  招2人,1-1.6万/月,03-02发布
营运质量管理专员,广东顺心快运有限公司,深圳-南山区  |  2年经验  |  本科  |  招1人,0.9-1.1万/月,03-02发布
DBA工程师,深圳市国显科技有限公司,深圳  |  2年经验  |  本科  |  招1人,1.8-2万/月,03-02发布
运维工程师,上海博为峰软件技术有限公司,深圳-福田区  |  1年经验  |  大专  |  招2人,0.8-1.2万/月,03-02发布
绩效专员/主管,深圳易世通达科技有限公司,深圳-南山区  |  1年经验  |  本科  |  招若干人,5-8千/月,03-02发布
相机测试工程师,北京湛腾世纪科技有限公司,异地招聘  |  2年经验  |  大专  |  招3人,0.6-1万/月,03-02发布
硬件工程师,亚创（上海）工程技术有限公司,深圳-福田区  |  2年经验  |  本科  |  招5人,1-1.5万/月,03-02发布
运维工程师,深圳唯修汇科技有限公司,深圳-宝安区  |  2年经验  |  本科  |  招若干人,1-1.5万/月,03-02发布
前端开发工程师,和美（深圳）信息技术股份有限公司,深圳-南山区  |  2年经验  |  本科  |  招1人,1-2万/月,03-02发布
自动化测试工程师,深圳易财信息技术有限公司,深圳-南山区  |  1年经验  |  本科  |  招若干人,6-8千/月,03-02发布
线控底盘控制系统软件开发工程师,江西龙创汽车技术有限公司深圳分公司,深圳-坪山区  |  2年经验  |  大专  |  招若干人,1.5-2万/月,03-02发布
Odoo 开发工程师,深圳市嘉友智控科技有限公司,深圳-宝安区  |  2年经验  |  大专  |  招3人,1-1.5万/月,03-02发布
运维工程师,深圳市智造建筑信息科技有限公司,深圳-南山区  |  2年经验  |  大专  |  招1人,0.8-1.2万/月,03-02发布
图像/AI算法工程师,上海为旌科技有限公司,深圳-福田区  |  2年经验  |  硕士  |  招若干人,2-4万/月,03-01发布
图像算法工程师,北京阿丘机器人科技有限公司,深圳-龙华区  |  2年经验  |  本科  |  招若干人,2-2.5万/月,03-01发布
BI数据工程师,深圳瑞捷工程咨询股份有限公司,深圳-龙岗区  |  2年经验  |  本科  |  招1人,1.2-1.8万/月,03-01发布
售后运维工程师,深圳市康汇世纪科技有限公司,深圳-福田区  |  2年经验  |  大专  |  招2人,6-8千/月,03-01发布
语音分析研发岗位,技德技术研究所（武汉）有限公司,深圳-宝安区  |  2年经验  |  硕士  |  招2人,1.5-2.5万/月,03-01发布
总公司-精算部-准备金管理岗,亚太财产保险有限公司,深圳-福田区  |  1年经验  |  本科  |  招1人,1-2万/月,03-01发布
运维工程师,深圳价值网络科技有限公司,深圳-南山区  |  1年经验  |  本科  |  招1人,1-2万/月,03-01发布
系统运维工程师,深圳新语餐饮管理有限公司,深圳-福田区  |  1年经验  |  大专  |  招1人,1.3-2.5万/月,03-01发布
数据分析专员,三态电子商务股份有限公司,深圳-南山区  |  2年经验  |  本科  |  招1人,1.5-2万/月,03-01发布
深度学习算法工程师,锋睿领创（珠海）科技有限公司,深圳-南山区  |  2年经验  |  本科  |  招3人,1.5-3万/月,03-01发布
测试工程师,深圳市图元科技有限公司,深圳-南山区  |  2年经验  |  本科  |  招若干人,0.7-1万/月,03-01发布
BI工程师,惠州南旋毛织厂有限公司,异地招聘  |  2年经验  |  本科  |  招2人,1-1.5万/月,02-28发布
技术管理部技术经理1,三峡电能（广东）有限公司,深圳-福田区  |  1年经验  |  本科  |  招若干人,10-15万/年,02-28发布
CAD工程师,深圳市紫光同创电子有限公司,深圳  |  2年经验  |  本科  |  招2人,1.5-3.5万/月,02-28发布
系统测试,普联技术有限公司,深圳-南山区  |  1年经验  |  本科  |  招30人,1.2-3万/月,02-28发布
系统支持岗（基金绩效分析方向）,安信证券股份有限公司,异地招聘  |  2年经验  |  硕士  |  招1人,1.5-2万/月,02-27发布
图像处理工程师,深圳市安车检测股份有限公司,深圳-南山区  |  2年经验  |  硕士  |  招1人,1.5-3万/月,02-27发布
FPGA开发工程师,铭珈资本管理（深圳）有限公司,深圳-南山区  |  2年经验  |  本科  |  招若干人,2-3.5万/月,02-26发布
web后台开发工程师,深圳市人渔科技有限公司,深圳-福田区  |  2年经验  |  本科  |  招3人,1.5-2万/月,02-26发布
应急响应工程师（双休，五险一金）,广州竞远安全技术股份有限公司,深圳-福田区  |  1年经验  |  本科  |  招1人,0.6-2万/月,02-26发布
软件测试工程师,深圳深海创新技术有限公司,深圳-南山区  |  2年经验  |  大专  |  招1人,0.7-1万/月,02-26发布
信息安全工程师,北京独创时代科技有限公司,深圳  |  2年经验  |  本科  |  招若干人,0.8-1万/月,02-26发布
运维工程师,深圳华文教育科技有限公司,深圳-宝安区  |  1年经验  |  大专  |  招3人,0.7-1.1万/月,02-26发布
集成测试,中兴软件技术（南昌）有限公司,深圳  |  1年经验  |  本科  |  招1人,0.7-1万/月,02-26发布
信息技术专员,深圳市大工业区水务有限公司,深圳-坪山区  |  2年经验  |  本科  |  招1人,0.5-1万/月,02-26发布
模型算法工程师,深圳市城市规划设计研究院有限公司,深圳-福田区  |  1年经验  |  硕士  |  招若干人,15-20万/年,02-26发布
数据分析师,深圳茂业商厦有限公司,深圳-罗湖区  |  1年经验  |  硕士  |  招若干人,1-1.5万/月,02-26发布
运维开发工程师SZ,通联数据股份公司,深圳-福田区  |  2年经验  |  本科  |  招1人,1.5-3万/月,02-26发布
NLP工程师,深圳城安软通科技集团有限公司,深圳-福田区  |  2年经验  |  本科  |  招2人,1.5-2.5万/月,02-26发布
软件测试工程师,海纳英才信息技术（深圳）有限公司,深圳-南山区  |  2年经验  |  本科  |  招3人,1-1.5万/月,02-26发布
数据库管理,仅一（广州）科技有限公司,深圳-南山区  |  2年经验  |  本科  |  招5人,1-1.5万/月,02-25发布
仿真设计工程师,湖南宏大日晟航天动力技术有限公司,异地招聘  |  2年经验  |  硕士  |  招2人,0.6-1.2万/月,02-25发布
UE4开发工程师,上海六感科技有限公司,深圳-龙岗区  |  2年经验  |  本科  |  招2人,1.5-2.5万/月,02-25发布
系统测试,深圳市普联技术有限公司,深圳-南山区  |  1年经验  |  本科  |  招33人,1.2-3万/月,02-24发布
GIS系统维护岗,深圳市信息管线有限公司,深圳  |  1年经验  |  本科  |  招1人,12-18万/年,02-24发布
安全防护工程师,深圳称意家具服务有限公司,深圳-宝安区  |  2年经验  |  本科  |  招若干人,1-1.5万/月,02-24发布
CI持续集成,上海科之锐人才咨询有限公司,深圳  |  2年经验  |  本科  |  招2人,1.3-1.8万/月,02-23发布
高级数据挖掘工程师,深圳数位传媒科技有限公司,深圳-南山区  |  2年经验  |  硕士  |  招1人,2-3.5万/月,02-23发布
数据库管理工程师,招商期货有限公司,深圳  |  2年经验  |  本科  |  招1人,25-40万/年,02-23发布
财务信息化专员,蛇口集装箱码头有限公司,深圳  |  2年经验  |  本科  |  招1人,10-16万/年,02-23发布
噪音振动测试工程师l,东莞市达润轨道交通科技有限公司,异地招聘  |  2年经验  |  本科  |  招3人,0.8-2万/月,02-23发布
电气工程师,深圳安腾创新科技有限公司,深圳-宝安区  |  2年经验  |  大专  |  招1人,1-1.5万/月,02-23发布
金融科技分析师,诺丁汉（宁波保税区）区块链有限公司,异地招聘  |  2年经验  |  硕士  |  招1人,15-20万/年,02-23发布
数字验证工程师1307,北京兆易创新科技股份有限公司,异地招聘  |  1年经验  |  本科  |  招若干人,,02-23发布
软件测试工程师,深圳市汇合发展有限公司,深圳-南山区  |  1年经验  |  本科  |  招5人,0.8-1.3万/月,02-23发布
数据分析师,深圳市顺丰国际物流有限公司,深圳-南山区  |  2年经验  |  本科  |  招1人,1-1.5万/月,02-23发布
数据分析师(J10531),林氏木业,异地招聘  |  2年经验  |  本科  |  招1人,1-1.5万/月,02-22发布
IT技术支持,AAC Technologies Holdings Inc.,深圳-南山区  |  1年经验  |  本科  |  招1人,0.8-1.2万/月,02-22发布
规划/控制算法工程师,福建牧月科技有限公司,深圳-南山区  |  1年经验  |  本科  |  招若干人,2.5-5万/月,02-22发布
衍射光学算法工程师,深圳联纳科技有限公司,深圳-南山区  |  2年经验  |  本科  |  招若干人,2-5万/月,02-22发布
交易系统运维岗（初级，账户管理方向）,世纪证券有限责任公司,深圳-福田区  |  1年经验  |  本科  |  招1人,0.8-1万/月,02-22发布
网络平台工程师(产品经理）,深圳市雄韬电源科技股份有限公司,深圳  |  2年经验  |  本科  |  招若干人,1-1.8万/月,02-22发布
运维工程师,深圳市汇源衡润科技有限公司,深圳-南山区  |  2年经验  |  大专  |  招3人,4.5-7.5千/月,02-22发布
夜间量化交易员,深圳远见前沿科技有限公司,深圳-南山区  |  2年经验  |  本科  |  招1人,1.5-2万/月,02-22发布
少儿编程老师,深圳有方国际教育有限公司,深圳-南山区  |  2年经验  |  本科  |  招1人,0.9-1.3万/月,02-21发布
数据仓库开发工程师,印力商用置业有限公司,深圳-福田区  |  2年经验  |  本科  |  招1人,1.3-3万/月,02-20发布
运维工程师,深圳市云捷网络有限公司,深圳-南山区  |  1年经验  |  大专  |  招2人,1.5-2万/月,02-20发布
质控专员,福建纵腾网络有限公司,深圳-龙岗区  |  1年经验  |  大专  |  招1人,6-8千/月,02-20发布
系统测试工程师,深圳市阿拉丁企业咨询管理有限公司,深圳-南山区  |  2年经验  |  本科  |  招若干人,2-3万/月,02-20发布
大数据分析工程师,广西柳工机械股份有限公司,异地招聘  |  2年经验  |  本科  |  招2人,0.8-1万/月,02-20发布
数学建模工程师,深圳市刚竹医疗科技有限公司,深圳-南山区  |  2年经验  |  本科  |  招若干人,1-2万/月,02-20发布
NLP算法工程师,深圳思谋信息科技有限公司,异地招聘  |  1年经验  |  本科  |  招1人,1.5-3万/月,02-19发布
生物信息分析工程师,深圳市易基因科技有限公司,深圳-坪山区  |  1年经验  |  本科  |  招若干人,0.6-1万/月,02-19发布
语音评测算法研究员,暗物智能科技（广州）有限公司,异地招聘  |  1年经验  |  硕士  |  招若干人,2-4万/月,02-19发布
APP测试工程师,盯盯拍（深圳）技术股份有限公司,深圳-南山区  |  1年经验  |  本科  |  招2人,0.7-1.5万/月,02-19发布
贷后管理员,深圳点汇信息技术有限公司,深圳-南山区  |  2年经验  |  本科  |  招若干人,6-9千/月,02-19发布
算法工程师,深圳怡化电脑股份有限公司,深圳-南山区  |  2年经验  |  本科  |  招3人,1-1.8万/月,02-19发布
自动化测试系统开发工程师,深圳市锐明技术股份有限公司,深圳  |  2年经验  |  本科  |  招1人,1-1.5万/月,02-19发布
测试工程师,润世华集团,深圳-龙岗区  |  2年经验  |  本科  |  招10人,1.5-2.5万/月,02-19发布
测试工程师,深圳市宏电技术股份有限公司,深圳  |  1年经验  |  本科  |  招1人,1-2万/月,02-18发布
交易员,深圳前海千惠资产管理有限公司,深圳-南山区  |  2年经验  |  本科  |  招1人,0.7-1万/月,02-18发布
数据分析师,翰竺科技（北京）有限公司,深圳-福田区  |  2年经验  |  本科  |  招2人,1.2-1.6万/月,02-18发布
工具设计工程师,深圳市天珑移动技术有限公司,深圳  |  2年经验  |  本科  |  招若干人,1-3万/月,02-18发布
测试工程师,深圳市鼎微科技有限公司,深圳-宝安区  |  1年经验  |  大专  |  招1人,5-8千/月,02-18发布
应用开发工程师H21-03(J11426),上海联影医疗科技股份有限公司,深圳-福田区  |  2年经验  |  硕士  |  招若干人,1.5-3万/月,02-17发布
少儿编程老师,广东树童教育顾问有限公司,深圳-盐田区  |  1年经验  |  大专  |  招若干人,2-2.5万/月,02-17发布
FAE现场应用工程师,特瑞仕芯电子（上海）有限公司,深圳-福田区  |  2年经验  |  本科  |  招2人,2-2.5万/月,02-15发布
游戏运维工程师（在广州上班）,湖南奇葩乐游网络科技有限公司,异地招聘  |  2年经验  |  大专  |  招1人,1-1.8万/月,02-10发布
期货期权量化交易员,静瞳海外投资顾问（深圳）有限公司,深圳-福田区  |  2年经验  |  本科  |  招2人,1.5-2万/月,02-08发布
Web前端开发工程师,杭州博彦信息技术有限公司,深圳-福田区  |  2年经验  |  本科  |  招若干人,1-1.5万/月,02-07发布
自动化测试工程师,深圳市车安科技发展有限公司,深圳  |  2年经验  |  本科  |  招1人,1-1.5万/月,02-06发布
运维工程师,广东腾安机电安装工程有限公司,异地招聘  |  2年经验  |  本科  |  招1人,0.6-1.5万/月,02-05发布
网络安全工程师,深圳市洪业通实业有限公司,深圳-福田区  |  2年经验  |  大专  |  招2人,0.7-1.5万/月,02-04发布
C++测试开发工程师(J10051),深圳华锐金融技术股份有限公司,深圳-福田区  |  2年经验  |  本科  |  招若干人,0.9-1.7万/月,02-03发布
软件测试工程师,易博互通企服科技有限公司,异地招聘  |  2年经验  |  大专  |  招50人,0.8-1.4万/月,02-02发布
风险管理（衍生品方向）,金瑞期货股份有限公司,深圳-福田区  |  2年经验  |  硕士  |  招1人,1.2-1.5万/月,02-02发布
测试工程师,图灵视讯（深圳）有限公司,深圳-龙岗区  |  2年经验  |  本科  |  招1人,0.8-1.2万/月,02-02发布
高级测试工程师,鲁德（上海）教育科技中心,深圳-福田区  |  2年经验  |  本科  |  招若干人,3-4万/月,02-01发布
固定收益部-信用研究岗,申港证券股份有限公司,异地招聘  |  2年经验  |  招若干人,30-40万/年,02-01发布
AI测试工程师,深圳市美通视讯科技有限公司,深圳-南山区  |  2年经验  |  大专  |  招1人,0.8-1万/月,02-01发布
算法工程师（生物信号）,未来穿戴技术有限公司,深圳-南山区  |  2年经验  |  本科  |  招1人,1.5-3万/月,01-31发布
测试工程师（自动化）,国任财产保险股份有限公司,深圳-罗湖区  |  1年经验  |  本科  |  招2人,0.9-1.8万/月,01-30发布
前端开发工程师,深圳云码通科技有限公司,深圳-福田区  |  2年经验  |  本科  |  招2人,1.5-2万/月,01-30发布
数据挖掘工程师（舆情监控方向）,深圳市万全智策企业管理咨询服务股份有限公司,深圳  |  2年经验  |  本科  |  招若干人,1-2.5万/月,01-29发布
风控经理,正深投资（深圳）集团有限公司,深圳-龙华区  |  2年经验  |  大专  |  招1人,1.8-2.8万/月,01-29发布
算法工程师,径卫视觉科技（上海）有限公司,深圳-宝安区  |  1年经验  |  硕士  |  招2人,2.5-3万/月,01-29发布
生物信息分析工程师,深圳碳云智能数字生命健康管理有限公司,深圳-龙华区  |  2年经验  |  硕士  |  招2人,1.5-2万/月,01-29发布
系统运维工程师,深圳市共生财商教育咨询有限公司,深圳-福田区  |  1年经验  |  大专  |  招1人,0.7-1.1万/月,01-28发布
Matlab建模工程师,湖南时变通讯科技有限公司,异地招聘  |  1年经验  |  硕士  |  招2人,1-2万/月,01-26发布
Web开发工程师,深圳市达科为生物技术股份有限公司,深圳-坪山区  |  1年经验  |  本科  |  招1人,0.8-1.5万/月,01-26发布
运维工程师,深圳市宏正道科技有限公司,深圳-南山区  |  2年经验  |  大专  |  招2人,0.8-1万/月,01-26发布
数据处理工程师,深圳前海鼎颂法务创新集团有限责任公司,深圳-福田区  |  2年经验  |  本科  |  招1人,1-3万/月,01-26发布
运维工程师,深圳店小秘网络科技有限公司,深圳-龙岗区  |  2年经验  |  本科  |  招1人,1-1.2万/月,01-25发布
策划师/高级策划师-同致汇,深圳市同致行物业顾问有限公司,深圳-福田区  |  2年经验  |  本科  |  招2人,7-9千/月,01-25发布
IDC机房运维,深圳市国兴信息技术咨询有限公司,深圳-南山区  |  1年经验  |  大专  |  招5人,1-1.5万/月,01-25发布
总公司信息管理中心信息安全部安全攻防岗(J15283),前海人寿保险股份有限公司,深圳-龙华区  |  2年经验  |  本科  |  招1人,1-1.5万/月,01-24发布
UE4引擎师,深圳传趣网络技术有限公司,深圳  |  2年经验  |  大专  |  招1人,1-1.5万/月,01-23发布
HRBP助理,深圳真酒网电子商务有限公司,深圳-龙岗区  |  1年经验  |  大专  |  招1人,4.5-6千/月,01-23发布
软件测试,重庆软维科技有限公司,深圳  |  2年经验  |  本科  |  招3人,0.8-1万/月,01-22发布
QA engnineer,广东畅讲网络科技有限公司,深圳-南山区  |  1年经验  |  本科  |  招5人,1.5-2万/月,01-21发布
运维工程师,深圳市芙美智能科技有限公司,深圳-宝安区  |  2年经验  |  本科  |  招1人,0.8-1万/月,01-21发布
安全渗透测试工程师--平安产险,深圳市金慧融智数据服务有限公司,深圳-福田区  |  2年经验  |  大专  |  招1人,1-1.5万/月,01-21发布
生物信息分析工程师（深圳）,北京吉因加科技有限公司,深圳-坪山区  |  2年经验  |  本科  |  招1人,0.8-1.2万/月,01-21发布
数据分析师,深圳自如友家资产管理有限公司,深圳-福田区  |  1年经验  |  本科  |  招1人,0.8-1万/月,01-20发布
自动化运维工程师,深圳紫讯信息科技有限公司,深圳-南山区  |  2年经验  |  大专  |  招若干人,1-1.5万/月,01-20发布
AI视觉算法工程师(J10866),安克创新科技股份有限公司深圳分公司,深圳-南山区  |  2年经验  |  硕士  |  招2人,25-65万/年,01-19发布
